case_number,motion_number,date,court,outcome,judges,parties,slip_op,reporters,full_text
2025-06321,,2026-03-05,"Appellate Division, First Department",granted,,,2025 ny slip op 05463,168 ad3d 108; 171 ad3d 163; 165 ad3d 85; 203 ad3d 75; 160 ad3d 89; 194 ad3d 108,"Supreme Court of the State of New York 
Appellate Division, First Judicial Department 

Present – Hon.   Troy K. Webber, 
David Friedman 
Bahaati E. Pitt-Burke 
Llinét M. Rosado 
Kelly O'Neill Levy, 

Justice Presiding, 

Justices. 

                     ___________________ 

Motion Nos.  2025-05537 
2025-06667 
2025-06321 

Case No. 

___________________ 

In the Matter of 
TIMOTHY DUNPHY, 
A suspended attorney: 

ATTORNEY GRIEVANCE COMMITTEE FOR THE 
FIRST JUDICIAL DEPARTMENT, 

Petitioner, 

TIMOTHY DUNPHY 
(OCA Atty. Reg. No. 4017471), 

Respondent. 

Disciplinary proceedings instituted by the Attorney Grievance Committee for the 
First Judicial Department. Respondent, Timothy Dunphy, was admitted to the 
Bar of the State of New York at a Term of the Appellate Division of the Supreme 
Court for the First Judicial Department on December 17, 2001. 

Jorge Dopico, Chief Attorney,  
Attorney Grievance Committee, New York 
(Roy E. Chon, of counsel), for petitioner. 

Respondent, pro se. 

 
 
 
 
 
 
 
 
 
 
 
 
 
 
 
 
 
 
 
 
 
Motion Nos. 2025-05537, 2025-06667 

In the Matter of Timothy Dunphy, a suspended attorney 

PER CURIAM 

Respondent Timothy Dunphy was admitted to the practice of law in the State of 

New York by the First Judicial Department on December 17, 2001.  Respondent’s last 

registered address was in the First Judicial Department. 

On November 17, 2022, this Court suspended respondent from the practice of 

law, until further order of the Court, as part of a mass suspension proceeding, for failure 

to file attorney registration statements and pay biennial registration fees in violation of 

Judiciary Law § 468-a. To date, respondent has not been reinstated and remains 

suspended in New York.   

By July 14, 2025 order, the Connecticut Superior Court for the Judicial District of 

Waterbury reprimanded respondent for, inter alia, failure to cooperate with Connecticut 

disciplinary authorities in their random audit of his attorney escrow account. 

By motion dated September 25, 2025, the Attorney Grievance Committee (AGC) 

seeks an order, pursuant to Judiciary Law § 90(2), the Rules for Attorney Disciplinary 

Matters (22 NYCRR) § 1240.13, and the doctrine of reciprocal discipline, finding that 

respondent has been disciplined by a foreign jurisdiction, directing him to demonstrate 

why discipline should not be imposed in New York for the misconduct underlying his 

discipline in Connecticut, and publicly censuring respondent, or, in the alternative, 

sanctioning respondent as the Court deems just and proper.  By December 1, 2025 

amended notice of motion, respondent opposes and requests that the AGC’s reciprocal 

discipline motion be dismissed. 

2 

 
 
  
 
 
 
 
 
In May 2023, the Connecticut Statewide Grievance Committee (CSGC) randomly 

selected respondent’s IOLTA account (i.e., escrow account) for an audit. By May 26, 

2023 certified mailing sent to respondent’s registered office address, respondent was 

informed that the audit would be conducted on June 6, 2023 at his office.  As part of the 

audit process, respondent was provided with a questionnaire, which he was directed to 

complete prior to the scheduled audit. Respondent failed to complete the questionnaire. 

On June 1, 2023, the Statewide Bar Counsel’s (SBC) office sent respondent an 

email informing him of the June 6 audit date and requested that he retrieve the  

May 26, 2023 certified letter which was confirmed to have been delivered to 

respondent’s local post office.  Respondent did not respond to the June 1, 2023 email.  

On June 5, 2023, an investigator for the SBC contacted respondent by telephone.  

During the telephone conversation, respondent confirmed his email address to be 

accurate.  The investigator informed respondent that he would be receiving another 

email from the SBC regarding the audit.  Respondent stated that he would reply to the 

email once received. 

On June 7, 2023, the SBC sent another email to respondent requesting that he 

comply with the previously sent May 26, 2023 letter regarding the random audit.  The 

email also requested that respondent update his registration with the CSGC pursuant to 

CT Practice Book § 2-27(d) as he had not registered since 2018.  Respondent failed to 

respond to the June 7 email, failed to comply with the random audit, and failed to 

register with the CSGC.  Based on these failures, a grievance complaint was filed against 

respondent on December 4, 2023. 

On December 7, 2023, notice of the complaint was sent by certified mail to 

respondent at his registered office address.  On December 11, 2023, Grievance Panel 

3 

 
 
 
 
 
Counsel for the Danbury Judicial District sent respondent correspondence directing him 

to file a response to the complaint within 3o days of the date of the letter.  On December 

22, 2023, the certified mailing sent to respondent on December 7, 2023 was returned as 

unclaimed and unable to forward.  That same day the SBC forwarded a copy of the 

complaint to respondent’s home address by regular mail.  The mailing was not returned 

as undeliverable. 

Respondent did not reply to Grievance Panel Counsel’s December 11, 2023 letter, 

nor did he answer the complaint as directed.  On March 15, 2024, the assigned 

Grievance Panel found probable cause that respondent had violated Connecticut Rules 

of Professional Conduct rules 1.15 (regarding IOLTA accounts, including required 

bookkeeping records) and 8.1(2) (failure to cooperate with disciplinary authorities).  On 

March 26, 2024, Disciplinary Counsel sent respondent correspondence at his registered 

office address requesting that he produce various documents.  The letter was returned 

as undeliverable.  On May 22, 2024, Disciplinary Counsel emailed the March 26 letter to 

respondent, but respondent did not produce any documents pursuant to the letter.  

On July 2, 2024, Disciplinary Counsel filed Additional Allegations of Misconduct 

against respondent asserting violations of CT rule 8.1(2) and CT Practice Book  §§ 2-

27(d) (failure to register annually with the CSGC) and 2-27(e) (failure to cooperate with 

random audit).  A hearing on the allegations was scheduled for September 12, 2024.  On 

August 1, 2024, notice of the hearing was mailed to respondent at his registered office 

address.  On August 15, 2024, the notice was returned as undeliverable on which date 

the SBC emailed the notice to respondent.  On September 10, 2024, respondent sent the 

SBC a letter with documents that purportedly pertained to the random audit request.  

4 

 
 
 
On September 11, 2024, respondent filed a motion by email requesting a continuance of 

scheduled hearing which was granted. 

By September 20, 2024 letter, sent in response to respondent’s September 10 

letter, the SBC advised respondent that the documents he provided pertained to an 

account that had never been registered with the CSGC and as such was not the account 

subject to the random audit.  The SBC also noted that the address listed in respondent’s 

letter was not the same address he had registered with the CSGC and directed him to 

update his registration pursuant to CT Practice Book § 2-27(d).  The SBC did not receive 

any further correspondence from respondent. 

On December 12, 2024, a hearing convened before a reviewing committee but 

respondent did not appear.  By a March 7, 2025 decision, the reviewing committee 

found by clear and convincing evidence that respondent had violated CT rule 8.1(2) and 

CT Practice Book §§ 2-27(d) and 2-27(e) and ordered that respondent be presented to 

the Connecticut Superior Court for the imposition of whatever discipline it deemed 

appropriate.  On or about April 11, 2025, the Office of Chief Disciplinary Counsel 

(OCDC) filed the Presentment with the Superior Court. 

On or about July 3, 2025, the OCDC and respondent, pro se, entered into a 

stipulation in which respondent admitted that he violated CT rule 8.1(2) and CT Practice 

Book §§ 2-27(d) and 2-27(e) as charged in the Presentment; he had registered with the 

CSGC for 2025; he produced a letter from his bank evincing that the account which had 

been selected for random audit was closed on March 11, 2020; and the CSGC closed the 

audit since the account selected was closed before the audit period.  As to sanction, the 

parties agreed that respondent would be reprimanded. 

5 

 
 
 
 
By July 14, 2025 order, the Connecticut Superior Court approved the stipulation 

and directed that respondent be disciplined in accordance therewith.  On July 22, 2025, 

notice of respondent’s reprimand was published in the Connecticut Law Journal.    

Respondent did not report his Connecticut discipline to the Court or the AGC as 

required by 22 NYCRR 1240.13(d).  On July 17, 2025, the CSGC notified the Second 

Department of respondent’s discipline “and the matter was transferred to [the AGC] 

shortly thereafter.”  

In a proceeding seeking reciprocal discipline, as here, pursuant to 22 NYCRR 

1240.13 (b), respondent may raise the following defenses: (1) lack of notice or 

opportunity to be heard in the foreign jurisdiction constituting a depravation of due 

process; (2) an infirmity of proof establishing the misconduct; or (3) that the 

misconduct for which the attorney was disciplined in the foreign jurisdiction does not 

constitute misconduct in this state (see Matter of Milara, 194 AD3d 108, 110 [1st Dept 

2021]).   

The AGC maintains that none of the aforementioned defenses apply because 

“respondent was given proper notice and had ample opportunity to answer the 

allegations in the Connecticut proceedings,” but he “failed to respond to or attend nearly 

all [the] notices, requests or hearings”; and “[u]ltimately, respondent stipulated to the 

allegations of misconduct and did not claim any lack of notice or opportunity be heard 

in the Connecticut proceedings.”  

Additionally, the AGC maintains that the infirmity of proof defense is 

inapplicable because, inter alia, “[t]he failures and omissions constituting respondent’s 

misconduct are well-documented in Connecticut Superior Court filings pertaining to the 

grievance against respondent,” which “include respondent’s stipulation and admission 

6 

 
 
 
that he violated the provisions of Connecticut Rules of Professional Conduct and the 

Connecticut Practice Book which gave rise to respondent’s discipline.” The AGC further 

maintains that respondent’s misconduct in Connecticut would also constitute 

misconduct in New York. 

As to sanction, the AGC maintains that a public censure is the appropriate 

reciprocal discipline herein because it is commensurate with the public reprimand 

imposed in Connecticut and supported by the relevant precedent.  Also, the AGC cites as 

mitigation that “[r]espondent [] ultimately cooperated with Connecticut’s disciplinary 

authorities and admitted his misconduct.”  As to respondent’s failure to comply with 

1240.13(d), the AGC maintains that “when balanced with the Court’s precedent and 

mitigating factors, respondent’s failure to report his [Connecticut] discipline does not 

demand a departure from a public censure.”  

Respondent asserts the 1240.13(b)(3) defense that his misconduct in Connecticut 

would not constitute misconduct in New York. Respondent also asserts mitigation 

(1240.13[b]).  Specifically, he “did not willfully ignore the CTSG audit requests or the 

subsequent requests of the Disciplinary Counsel” because he “was plagued and 

distracted with family health crises throughout 2023 and 2024.” Respondent 

purportedly has not practiced, nor maintained a law office, in Connecticut since April 

2014 but he continued to register in that state through 2018; respondent relocated from 

Connecticut to New York City in 2017 (but concedes that he failed to notify Connecticut 

of his change of address and thereby thwarted its attempts to notify him of the audit by 

mail); as noted, respondent received email notifications of the audit at the correct email 

address; he did submit bank records to the CTSG, albeit for a different account than the 

7 

 
one selected for the random audit; and, as noted, he closed the account selected for 

random audit in March 2020. 

Respondent does not assert the defenses enumerated at 124o.13(b)(1) and the AGC 

correctly argues that none are available to him. First, he was given repeated notice of the 

allegations  against  him  and  opportunity  to  answer  and  defend  himself  at  the  hearing 

before the Connecticut review committee for which he failed to appear (notwithstanding 

his having requested and been granted a continuance of the hearing date); and he chose 

to admit the misconduct alleged in the Presentment filed with the Connecticut Superior 

Court  and  consented  to  the  reprimand  issued.  In  addition,  respondent’s  stipulated 

admissions  to  the  facts  and  violations  alleged  in  the  Presentment  fully  support  his 

discipline based thereon.  

Furthermore, notwithstanding respondent’s assertion of the 1214.13(b)(3) defense, 

his  misconduct  in  Connecticut  would  also  violate  New  York’s  Rules  of  Professional 

Conduct  (22  NYCRR  1200.0).  While  respondent  maintains  that  his  “matter  cannot  be 

categorized  as  mishandling  of  funds,”  his  discipline  in  Connecticut  was  based  on 

respondent’s well-documented failure to cooperate with CSGC’s random audit, his failure 

to  cooperate  with  the resulting  disciplinary  investigation,  and  his  seven-year  failure  to 

register in Connecticut, which implicates New York rules 1.15(i) (requiring that attorneys 

make  the  bookkeeping  records  they  are  required  to  maintain  available  to  disciplinary 

authorities), 1.15(j) (an attorney who fails to maintain required bookkeeping records or 

fails to produce them when obligated to do so shall be subject to disciplinary proceedings), 

and  8.4(d)  (conduct  prejudicial  to  the  administration  of  justice).  Therefore,  this  Court 

should impose reciprocal discipline (22 NYCRR 1240.13[c]). 

8 

 
As a general rule this Court defers to the sanction imposed by the jurisdiction in 

which  the  charges  were  originally  brought  because  the  foreign  jurisdiction  has  the 

greatest interest in fashioning sanctions for misconduct (see Matter of Milara, 194 AD3d 

at 111; Matter of Tabacco, 171 AD3d 163 [1st Dept 2019]; Matter of Blumenthal, 165 AD3d 

85 [1st Dept 2018]).  Only rarely does this Court depart from the general rule (see Matter 

of Karambelas, 203 AD3d 75 [1st Dept 2022]; Matter of McHallam, 160 AD3d 89 [1st 

Dept 2018]). 

A  public  censure  is  the  appropriate  reciprocal  discipline  in  this  matter  as  it  is 

commensurate  with  the  public  reprimand  issued  in  Connecticut  and  in  general  accord 

with this Court’s precedent (see e.g. Matter of Dratch, — AD3d —, 2025 NY Slip Op 05463 

[1st Dept 2025]; Matter of Cook, 168 AD3d 108 [1st Dept 2019]).  

Accordingly, the AGC’s motion should be granted, respondent’s motion should be 

denied, and respondent publicly censured. 

All concur.  

  Wherefore, it is Ordered that the motion by the Attorney Grievance Committee 

for the First Judicial Department for reciprocal discipline, pursuant to 22 NYCRR 

1240.13 and Judiciary Law § 90(2), is granted, and respondent, Timothy Dunphy, is 

publicly censured; and, 

It is further Ordered that respondent’s motion is denied. 

Entered:  March 05, 2026 

9 

 
 
 
 
 
 
 
 
 
"
2022-00651,,2026-03-03,"Appellate Division, First Department",affirmed,"Webber, J.; Shulman, J.; Higgitt, J.; Rosado, J.; Hagler, J.",,,,"Supreme Court of the State of New York 
Appellate Division, First Judicial Department 

Webber, J.P., Shulman, Higgitt, Rosado, Hagler, JJ. 

5980 

THE PEOPLE OF THE STATE OF NEW YORK,   

                     Respondent, 

Ind. No. 71153/21 
Case No. 2022-00651 

-against- 

TALOUNZO O'CONNOR, 

Defendant-Appellant. 

Twyla Carter, The Legal Aid Society, New York (Paris C. DeYoung of counsel), for 
appellant. 

Darcel D. Clark, District Attorney, Bronx (Andrew J. Loizides of counsel), for 
respondent. 

An appeal having been taken to this Court by the above-named appellant from a 
judgment of the Supreme Court, Bronx County (Harold Adler, J.), rendered January 26, 
2022, 

Said appeal having been argued by counsel for the respective parties, due 

deliberation having been had thereon, and finding the sentence not excessive, 

It is unanimously ordered that the judgment so appealed from be and the same is 

hereby affirmed. 

THIS CONSTITUTES THE DECISION AND ORDER 
OF THE SUPREME COURT, APPELLATE DIVISION, FIRST DEPARTMENT. 

ENTERED: March 3, 2026 

Counsel for appellant is referred to 
§ 606.5, Rules of the Appellate Division,  
First Department. 

 
 
 
 
 
 
 
 
 
 
 
 
 
 
 
 
 
 
 
 
 
 
 
 
 
 
 
 
 
 
 
 
 
 
 
 
 
 
 
"
2023-03178,,2026-03-05,"Appellate Division, First Department",affirmed,"Moulton, J.; Pitt-burke, J.; Michael, J.; Chan, J.",People; Dushain,,239 ad2d 151,"Supreme Court of the State of New York 
Appellate Division, First Judicial Department 

Moulton, J.P., Pitt-Burke, O'Neill Levy, Michael, Chan, JJ. 

6008 

THE PEOPLE OF THE STATE OF NEW YORK, 

Respondent, 

-against- 

CARLYLE HERRING, 

Defendant-Appellant. 

Ind. No. 00952/21  
Case No. 2023-03178  

Law Office of Lawrence P. LaBrew, New York (Lawrence P. LaBrew of counsel), for 
appellant. 

Alvin L. Bragg, Jr., District Attorney, New York (Hunter Baehren of counsel), for 
respondent. 

Judgment, Supreme Court, New York County (April A. Newbauer, J.), rendered 

May 18, 2023, as amended May 19, 2023, convicting defendant, after a jury trial, of 

attempted murder in the second degree, attempted assault in the first degree, two 

counts of criminal possession of a weapon in the second degree, and two counts of 

assault in the second degree, and sentencing him, as a second violent felony offender, to 

an aggregate term of 14 years, unanimously affirmed. 

Defendant’s CPL 30.30 motion was properly denied. All but eight of the days that 

defendant contends were chargeable to the People were in the post-readiness period 

during which “delay may be charged to the People only where and to the extent a delay 

is actually caused by them” (People v Dushain, 239 AD2d 151, 153 [1st Dept 1997], lv 

denied 91 NY2d 1007 [1998]). Under the appropriate standard, defendant falls far short 

of demonstrating the required six months of time chargeable to the People. 

 
 
 
 
 
 
 
 
 
 
 
 
A non-eyewitness parole officer who was familiar with defendant based on close 

interaction, most notably an approximately 10-hour trip from South Carolina to 

Connecticut during which the two sat next to each other, satisfied the requirements for a 

lay identification witness set forth in People v Mosley (41 NY3d 640 [2024]). 

The court providently exercised its discretion in denying defendant’s motion for a 

missing witness charge regarding a friend of defendant’s who witnessed the shooting 

and later implicated defendant. On this record, the friend was not available to the 

People and not under their control (see People v Gonzalez, 68 NY2d 424, 428-429 

[1986]).  

In any event, any error regarding the lay opinion or a failure to give a missing 

witness instruction was plainly harmless (see People v Crimmins, 36 NY2d 230 [1975]). 

The court’s request for clarification of an ambiguous jury note regarding the 

status of deliberations did not inadvertently “coerce the jury” merely because it 

inadvertently elicited a note in response that set forth the numerical division among the 

jurors (see Brasfield v United States, 272 US 448, 449 [1926]). Defendant’s contention 

that the jury’s first note on the issue unambiguously indicated that the jurors were 

deadlocked on all counts, which is the underlying premise of his argument on this 

matter, is not supported by the record. 

THIS CONSTITUTES THE DECISION AND ORDER 
OF THE SUPREME COURT, APPELLATE DIVISION, FIRST DEPARTMENT. 

ENTERED: March 5, 2026 

2 

 
 
 
 
 
 
 
 
 
 
 
 
 
 
 
 
 
 
 
 
  
3 

 
 
"
2024-03531,,2026-03-03,"Appellate Division, First Department",affirmed,"Webber, J.; Shulman, J.; Higgitt, J.; Rosado, J.; Hagler, J.; Smith, J.",Frechtman; Gutterman,,135 ad3d 87; 115 ad3d 102; 171 ad3d 110,"Supreme Court of the State of New York 
Appellate Division, First Judicial Department 

Webber, J.P., Shulman, Higgitt, Rosado, Hagler, JJ. 

5986 

JEFFREY FRIEDMAN, 

Plaintiff-Appellant, 

Index No. 155385/21  
Case No. 2024-03531  

-against- 

GARNET WINES & LIQUORS INC., 
Defendant-Respondent. 

Smith, Gambrell & Russell, LLP, New York (Andrew J. Costigan of counsel), for 
appellant. 

Emre Polat, PLLC, New York (Emre Polat of counsel), for respondent. 

Order, Supreme Court, New York County (Verna L. Saunders, J.), entered on or 

about May 6, 2024, which granted defendant’s motion to dismiss plaintiff’s defamation 

claim, unanimously affirmed, with costs. 

The court properly dismissed the defamation claim. While the complaint 

adequately alleged the unauthorized, knowing or reckless publishing of a false statement 

(see Frechtman v Gutterman, 115 AD3d 102, 104 [1st Dept 2014]), the statement, 

viewed in its totality, was not defamatory (see Liberman v Gelstein, 80 NY2d 429, 435 

[1992]; Geraci v Probst, 15 NY3d 336, 344 [2010]; see also Franklin v Daily Holdings, 

Inc., 135 AD3d 87, 94 [1st Dept 2015]). Defendant’s statement that plaintiff was “lying” 

was made in the context of a credit card chargeback dispute with plaintiff, who was 

defendant’s customer (see Gross v New York Times Co., 82 NY2d 146, 156 [1993]). The 

statement, when viewed in this context, and viewed along with the remainder of 

defendant’s written comment to the credit card company, constitutes nonactionable 

 
 
 
 
 
 
 
 
 
 
opinion (see Davis v Boeheim, 24 NY3d 262, 270 [2014]; Zervos v Trump, 171 AD3d 

110, 128 [1st Dept 2019], appeal dismissed 36 NY3d 1083 [2021]).  

We have considered plaintiff’s remaining arguments and find them unavailing. 

THIS CONSTITUTES THE DECISION AND ORDER 
OF THE SUPREME COURT, APPELLATE DIVISION, FIRST DEPARTMENT. 

ENTERED: March 3, 2026 

2 

 
 
 
 
 
 
 
 
 
 
 
 
 
 
 
 
 
 
 
 
 
"
2025-07206,,2026-03-05,"Appellate Division, First Department",granted,,,,64 ad3d 187; 139 ad3d 34; 88 ad3d 165; 171 ad3d 163; 165 ad3d 85; 203 ad3d 75; 160 ad3d 89; 178 ad3d 1; 194 ad3d 108,"Supreme Court of the State of New York 
Appellate Division, First Judicial Department 

Present – Hon.   Saliann Scarpulla, 
Julio Rodriguez III 
Bahaati E. Pitt-Burke 
Marsha D. Michael 
Margaret A. Chan, 

Justice Presiding, 

Justices. 

                     ___________________ 

Motion No.  2025-06427 
2025-07206 
Case No. 

___________________ 

In the Matter of 
CRAIG LEE HENDERSON, 
A suspended attorney: 

ATTORNEY GRIEVANCE COMMITTEE FOR THE 
FIRST JUDICIAL DEPARTMENT, 

Petitioner, 

CRAIG LEE HENDERSON 
(OCA Atty. Reg. No. 2676302), 

Respondent. 

Disciplinary proceedings instituted by the Attorney Grievance Committee for the 
First Judicial Department. Respondent, Craig Lee Henderson, was admitted to 
the Bar of the State of New York at a Term of the Appellate Division of the 
Supreme Court for the First Judicial Department on March 14, 1995. 

Jorge Dopico, Chief Attorney,  
Attorney Grievance Committee, New York 
(Raymond Vallejo, of counsel), for petitioner. 

Respondent, pro se. 

 
 
 
 
 
 
 
 
 
 
 
 
 
 
 
 
 
 
 
 
 
Motion No. 2025-06427 

In the Matter of Craig Lee Henderson, a suspended attorney 

PER CURIAM 

Respondent Craig L. Henderson was admitted to the practice of law in the State 

of New York by the First Department on March 14, 1995, under the name Craig Lee 

Henderson. On April 2, 2009, respondent was suspended in New York for failure to 

register in violation of Judicial Law § 468-a (Matter of Attorneys in Violation of 

Judiciary Law § 468-a, 64 AD3d 187 [1st Dept 2009]). He has not been reinstated. As 

the admitting Judicial Department, this Court retains continuing jurisdiction over 

respondent (Rules for Attorney Disciplinary Matters [22 NYCRR] § 1240.7[a][2]). 

Respondent has not appeared in this action. 

By motion dated December 1, 2025, the Attorney Grievance Committee (AGC) 

seeks an order, pursuant to Judiciary Law § 90(2) and 22 NYCRR 1240.13, finding that 

respondent has been disciplined in California, directing him to demonstrate why 

discipline should not be imposed in New York for the misconduct underlying his 

discipline in California, and disbarring him; or, in the alternative, sanctioning 

respondent as the Court deems just and proper under the circumstances.  

As relevant here, respondent was disbarred in California in late 2022 after 

repeatedly defaulting in disciplinary proceedings over the course of a year. First, on or 

about December 15, 2021, respondent was served with a notice of disciplinary charges 

(NDC) by the Office of Chief Trial Counsel of the State Bar of California (OCTC). The 

charges were for violations of California’s Business and Professions Code, namely for 

failing to comply with the terms of an outstanding disciplinary probation and failing to 

timely update his address with the State Bar. The NDC cautioned that failure to file a 

2 

 
 
  
 
 
written answer would subject him to entry of default and inactive enrollment, and that 

failure to move to vacate default would result in a recommendation of disbarment 

without further hearing or proceeding. The NDC was sent to respondent’s address in the 

California State Bar’s membership records, although the return receipt was not 

returned.  

Respondent failed to answer, and so on February 18, 2022, OCTC moved for 

entry of default. The motion warned that default would result in admission of the facts 

in the NDC and that failure to timely move to vacate would result in recommendation of 

disbarment without further hearing or proceeding. Again, respondent failed to respond, 

and so the California court granted the motion on March 8, 2022. Respondent did not 

move to vacate the default. 

Three months later on June 15, 2022, OCTC petitioned for respondent’s 

disbarment based on the default. Respondent again failed to respond. On July 28, 2022, 

the California State Bar’s Hearing Department issued a decision and order of 

involuntary inactive enrollment, finding among other things that respondent had been 

given adequate notice and sufficient opportunity to respond throughout the disciplinary 

proceedings. 

Finally, five months later on December 28, 2022, the Supreme Court of California 

ordered respondent disbarred from practicing law. Respondent did not timely report his 

disbarment in California as required by 22 NYCRR 1240.13(d).  

The AGC now seeks reciprocal discipline against respondent. While respondent 

has not appeared and asserted any of the 1240.13(b) defenses to reciprocal discipline, it 

is nevertheless submitted that none are available to him. Respondent was properly 

served with the California NDC and, despite the OCTC’s diligent efforts to notify him, he 

3 

 
repeatedly failed to respond. Upon entry of default, the factual allegations were deemed 

admitted, precluding any claim of infirmity of proof. Moreover, the misconduct for 

which respondent was disciplined in California—failure to comply with the conditions of 

disciplinary probation and failure to maintain a current address with the disciplinary 

authority—would constitute professional misconduct in New York in violation of the 

Rules of Professional Conduct (22 NYCRR 1200.0) rules 8.4(d) and 8.4(h). 

With respect to the sanction, as a general rule this Court defers to the sanction 

imposed by the jurisdiction in which the charges were originally brought because the 

foreign jurisdiction has the greatest interest in fashioning sanctions for misconduct 

(see Matter of Milara, 194 AD3d 108, 111 [1st Dept 2021]; Matter of Tabacco, 171 

AD3d 163, 165 [1st Dept 2019]; Matter of Blumenthal, 165 AD3d 85 [1st Dept 2018]). 

Only rarely does this Court depart from the general rule (see Matter of Karambelas, 

203 AD3d 75, 80-81 [1st Dept 2022]; Matter of McHallam, 160 AD3d 89, 92 [1st Dept 

2018]). 

Disbarment is therefore warranted and consistent with this Court’s precedent 

imposing that sanction where an attorney defaults in a disciplinary proceeding and 

fails to cooperate with disciplinary authorities (see Matter of Miller, 178 AD3d 1, 3, 4 

[1st Dept 2019]; Matter of Sirkin, 88 AD3d 165, 169 [1st Dept 2011]; see also Matter of 

Houston, 139 AD3d 34, 38 [1st Dept 2016]). 

Accordingly, AGC’s motion should be granted, and respondent disbarred 

pursuant to Judiciary Law § 90(2) and 22 NYCRR 1240.13, effective immediately. 

All concur.  

Wherefore, it is Ordered that the motion by the Attorney Grievance Committee 

for the First Judicial Department for reciprocal discipline, pursuant to Judiciary Law § 

4 

 
90(2) and 22 NYCRR 1240.13, is granted, and respondent, Craig Lee Henderson, is 

disbarred and his name stricken from the roll of attorneys and counselors-at-law in the 

State of New York, effective immediately, and until further order of this Court; and 

It is further Ordered that, pursuant to Judiciary Law § 90, respondent, Craig Lee 

Henderson, is commanded to desist and refrain from (1) the practice of law in any form, 

either as principal or agent, clerk or employee of another, (2) appearing as an attorney 

or counselor-at-law before any court, Judge, Justice, board, commission or other public 

authority, (3) giving to another an opinion as to the law or its application or any advice 

in relation thereto, and (4) holding himself out in any way as an attorney and counselor-

at-law; and 

It is further Ordered that, respondent, Craig Lee Henderson, shall comply with 

the rules governing the conduct of disbarred or suspended attorneys (see 22 NYCRR 

1240.15), which are made part hereof; and 

It is further Ordered that if respondent, Craig Lee Henderson, has been issued a 

secure pass by the Office of Court Administration, it shall be returned forthwith. 

Entered:  March 5, 2026 

5 

 
 
 
 
 
 
"
2024-06670,,2026-03-05,"Appellate Division, First Department",granted,,,,211 ad3d 65,"Supreme Court of the State of New York 
Appellate Division, First Judicial Department 
CORRECTED ORDER March 13, 2026 

Present – Hon.   Peter H. Moulton, 
Saliann Scarpulla 
Barbara R. Kapnick 
Julio Rodriguez III 
Llinét M. Rosado, 

Justice Presiding, 

Justices. 

                     ___________________ 

Motion No. 
Case No. 

2025-06227 
2024-06670 

___________________ 

In the Matter of 
MATTHEW CANTOR, 
A suspended attorney: 

ATTORNEY GRIEVANCE COMMITTEE FOR THE 
FIRST JUDICIAL DEPARTMENT, 

Petitioner, 

MATTHEW CANTOR 
(OCA Atty. Reg. No. 4659009), 

Respondent. 

Disciplinary proceedings instituted by the Attorney Grievance Committee for the 
First Judicial Department. Respondent, Matthew Cantor, was admitted to the Bar 
of the State of New York at a Term of the Appellate Division of the Supreme Court 
for the Second Judicial Department on May 6, 2009. 

Jorge Dopico, Chief Attorney,  
Attorney Grievance Committee, New York 
(Eric Sun, of counsel), for petitioner. 

Tyler Maulsby, Esq., for respondent. 

 
 
 
 
 
 
 
 
 
 
 
 
 
 
 
 
 
 
 
 
 
Motion No. 2025-06227 

In the Matter of Matthew Cantor, a suspended attorney 

PER CURIAM 

Respondent Matthew Cantor was admitted to the practice of law in the State of 

New York by the Second Judicial Department on May 6, 2009. During the relevant 

period, respondent’s prior registered business address was in the First Judicial 

Department. 

On November 17, 2022, this Court suspended respondent from the practice of 

law, until further order of this Court, as part of a mass suspension proceeding, for 

failure to file attorney registration statements and pay biennial registration fees in 

violation of Judiciary Law § 468-a (211 AD3d 65 [1st Dept 2022]). The complete list of 

suspended attorneys was posted on the Court’s website. 

By notice of motion dated November 5, 2024, respondent requested that this 

Court reinstate him to the practice of law. The Attorney Grievance Committee (AGC) 

opposed respondent’s reinstatement, noting respondent’s unauthorized practice of law 

while he was suspended and the need for further investigation. 

By order dated December 16, 2024, this Court denied respondent’s motion for 

reinstatement with leave to refile upon the conclusion of the AGC’s investigation. 

On August 7, 2025, the AGC served respondent with a notice and petition of 

charges alleging that respondent “engaged in the unauthorized practice of law while 

suspended by this Court for approximately two (2) years; specifically, from November 

17, 2022, to October 14, 2024.” 

The parties now jointly move under the Rules for Attorney Disciplinary Matters 

(22 NYCRR) § 1240.8(a)(5) for discipline by consent and ask this Court to impose an 18-

2 

 
 
  
 
 
month suspension, nunc pro tunc to October 14, 2024. The motion is supported by a 

joint affirmation containing a stipulation of facts, factors in aggravation and mitigation, 

agreed upon discipline, and relevant case law, as well as respondent’s affidavit 

containing conditional admissions to the stipulated facts, respondent’s consent to the 

agreed upon discipline, which he has freely and voluntarily given, and respondent’s 

acknowledgment of the consequences of such consent (22 NYCRR 1240.8[a][5][i] and 

[iii]). 

The parties stipulate to the following facts. By decision and order dated 

November 17, 2022, this Court suspended respondent from the practice of law pursuant 

to Judiciary Law Section 468-a for failure to pay biennial registration fees for two cycles 

(2019-2020 and 2021-2022). Respondent also failed to submit proof of CLE compliance 

during the aforementioned reporting cycles. Respondent moved for reinstatement 

before this Court on November 5, 2024. Prior to filing his motion for reinstatement, 

respondent paid all outstanding amounts owed for his attorney registration. The AGC 

opposed respondent’s motion on the grounds that it appeared Respondent had been 

engaged in the unauthorized practice of law while suspended. This Court denied 

respondent’s November 5, 2024 motion for reinstatement with leave to refile upon the 

conclusion of the AGC’s investigation. Respondent continued to practice law in New 

York during the period of suspension until he learned on October 14, 2024, that he was 

suspended from the practice of law. Respondent has not practiced law since October 14, 

2024. 

In his affidavit in support of the joint motion, respondent conditionally admits 

that his actions, as set forth above, violated the rules 5.5(a) and 8.4(h) of the New York 

Rules of Professional Conduct (RPC) (22 NYCRR 1200.0).  

3 

 
The parties stipulate to the following factors in aggravation: respondent engaged 

in the unauthorized practice of law for approximately two years, and respondent had 

practiced for approximately 10 years at the time he first failed to register and submit 

proof of CLE compliance. Although respondent denies knowledge of his suspension, he 

concedes that given the length of time he practiced while suspended, he failed to 

exercise due diligence and can offer no reasonable excuse for his neglect and poor 

judgment. 

The parties stipulate to the following factors in mitigation: respondent has no 

prior disciplinary history; respondent fully cooperated with the AGC’s investigation; 

although respondent failed to certify his CLE credits during the reporting periods at 

issue, he continued to take CLE courses and keep records of his CLE credits; and 

respondent acknowledged the wrongfulness of his conduct, expressed remorse for his 

actions and has not practiced law since learning of his suspension more than a year ago.  

The parties agree that an 18-month suspension, nunc pro tunc to October 14, 

2024, is the appropriate sanction herein and ask that this Court exercise its discretion to 

run respondent’s suspension nunc pro tunc to the date that respondent ceased 

practicing law.  

In view of the stipulated facts, respondent’s conditional admissions, and the 

parties’ submissions regarding aggravating and mitigating factors, the jointly requested 

sanction of an 18-month suspension, nunc pro tunc to October 14, 2024, is appropriate 

and consistent with the discipline imposed in comparable matters. 

Respondent engaged in the unauthorized practice of law for approximately two 

years, concedes that he failed to exercise due diligence in monitoring his registration 

status, and can offer no reasonable excuse for his misconduct. However, respondent has 

4 

 
 
 
 
no prior disciplinary history, cooperated fully with the AGC’s investigation, continued to 

complete CLE courses and maintain CLE records notwithstanding his failure to certify, 

and ceased practicing law immediately upon learning of his suspension. 

Accordingly, the joint motion for discipline by consent should be granted, and an 

18-month suspension imposed, effective nunc pro tunc to October 14, 2024, the date on 

which respondent ceased practicing law after learning of his suspension. 

All concur.  

  Wherefore, it is Ordered that the parties’ joint motion pursuant to 22 NYCRR 

1240.8(a)(5) for discipline by consent is granted, and respondent, Matthew Cantor, is 

suspended from the practice of law for a period of 18 months, effective nunc pro tunc to 

October 14, 2024, and until further order of the Court. 

It is further Ordered that, pursuant to Judiciary Law § 90, during the 

period of suspension, respondent, Matthew Cantor, is commanded to desist 

and refrain from (1) the practice of law in any form, either as principal or 

agent, clerk or employee of another, (2) appearing as an attorney or 

counselor-at-law before any court, Judge, Justice, board, commission or 

other public authority, (3) giving to another an opinion as to the law or its 

application or any advice in relation thereto, and (4) holding himself out in 

any way as an attorney and counselor-at-law; and 

It is further Ordered that, during the period of suspension, 

respondent, Matthew Cantor, shall comply with the rules governing the 

conduct of disbarred or suspended attorneys (see 22 NYCRR 1240.15), 

which are made part hereof; and 

5 

 
 
 
 
It is further Ordered that if respondent, Matthew Cantor, has been 

issued a secure pass by the Office of Court Administration, it shall be 

returned forthwith. 

Entered:  March 05, 2026 

6 

 
 
 
 
 
 
 
"
2024-03080,,2026-03-03,"Appellate Division, First Department",affirmed,"Webber, J.; Shulman, J.; Higgitt, J.; Rosado, J.; Hagler, J.",Feldmann; Scepter Group. Pte. Ltd,,84 ad3d 1363; 185 ad3d 449,"Supreme Court of the State of New York 
Appellate Division, First Judicial Department 

Webber, J.P., Shulman, Higgitt, Rosado, Hagler, JJ. 

5978 

MICHAEL PAITCHELL et al., 

Plaintiffs-Appellants, 

Index No. 654563/21  
Case No. 2024-03080 

-against- 

DAVID GOLDMAN et al., 

Defendants-Respondents.   

Greenfield Stein & Senior, LLP, New York (Charles T. Scott of counsel), for appellants. 

Dunnington, Bartholow & Miller LLP, New York (Olivera Medenica of counsel), for 
respondents. 

Order, Supreme Court, New York County (Alexander M. Tisch, J.), entered March 

15, 2024, which, to the extent appealed from, denied plaintiffs’ motion for summary 

judgment on their claims for breach of contract and imposition of a constructive trust, 

and granted defendants’ cross-motion for summary judgment dismissing those claims, 

unanimously affirmed, without costs.  

Harold and Joanne Paitchell, now deceased, were married on May 6, 1984. 

Plaintiffs are Harold’s children from his prior marriage and defendants are Joanne’s 

children from her prior marriage. Harold and Joanne purchased a condominium 

apartment in Manhattan as tenants by the entirety shortly after they were married. A 

couple of months later, they executed a post-nuptial agreement which provided that: 

“All  property  acquired  after  May  6,  1984  shall  be  marital  property.  Each 
party  shall  receive  and  accept  from  the  other’s  estate  after  his/her  death 
one-half  of  the  jointly  held  property  outright  and  a  life  interest  in  the 
remaining  one-half  of  said  jointly  owned  property  and  each  party  shall 
execute a will to that effect.  If the property is sold after the death of one 

 
 
 
 
 
                    
                     
 
 
 
 
 
 
spouse, the other spouse may, but is not required to, give one-half of the 
proceeds to the deceased spouse’s children in full satisfaction of all claims. 
In  the  alternative,  one-half  of  the  proceeds  shall  be  held  in  trust  and  the 
income thereof shall be paid to the survivor and upon death of the survivor 
the principal of said trust shall be paid to the deceased’s children”.  

“The  entire  proceeds  from  such  sale  may  be  used  to  purchase  another 
residence.  In  such  event,  upon  the  death  of  the  survivor,  one-half  of  the 
proceeds shall be paid to the deceased’s children.” 

Paragraph 7 of the agreement directed both Harold and Joanne to execute a will and any 

other agreement necessary “to give full force and effect to this agreement.” 

Harold passed away on August 25, 1986. Pursuant to Harold’s last will and 

testament dated April 6, 1986, Joanne received the apartment for her use during her 

lifetime. She also had the right to sell, exchange, or transfer the apartment, but if she 

did, then, at her sole discretion, she could either pay one-half of the net proceeds to 

Harold’s children in full payment of all rights and obligations under the post-nuptial 

agreement, or she could place the proceeds in Trust with income paid to her during her 

life and, upon her death, the principal would be divided among Harold’s surviving 

children. Harold’s will did not address the disposition of the apartment if Joanne 

predeceased him. 

In July 2020, Joanne executed her last will and testament, pursuant to which her 

children would receive her entire estate. A month later, in August 2020, Joanne passed 

away. 

Plaintiffs and defendants disagree as to who is entitled to a share of the 

apartment. Plaintiffs contend that in accordance with the post-nuptial agreement they 

are entitled to one-half of the property. Defendants contend that after Harold’s death 

the property vested entirely in Joanne, who then bequeathed her entire estate to them, 

and thus, plaintiffs are not entitled to a share of the apartment. 

2 

 
 
 
 
 
 
Defendants are correct that upon Harold’s death, Joanne obtained sole title to 

the apartment pursuant to the terms of the deed granting title to her as a tenant by the 

entirety with Harold (see Matter of Violi, 65 NY2d 392, 395 [1985]). However, the law 

required her, as sole owner, to fulfill her contractual agreement with respect to the 

property (see Matter of Barabash, 84 AD3d 1363, 1364-1365 [2d Dept 2011]).  

Accordingly, the question before Supreme Court was whether Harold’s failure to 

comply with paragraph 7 of the post-nuptial agreement—by executing a will that did not 

provide one-half of the apartment for Joanne’s children in the event Joanne 

predeceased him—constituted a material breach excusing Joanne’s performance. We 

find that his breach was material, and as a result, excused Joanne’s performance under 

the contract.  

Plaintiffs’ contention that Joanne was obligated to perform regardless of 

Harold’s compliance is unavailing. Paragraph 7 expressly required each party to execute 

a will giving full force and effect to the agreement, and Harold’s will indisputably 

omitted any provisions regarding the apartment if Joanne predeceased him.  

Plaintiffs’ further argument that any breach was immaterial because Harold 

predeceased Joanne is unpersuasive. Harold’s contractual obligation was to execute and 

maintain a compliant will during his lifetime.  It was not sufficient that he merely 

ensures a particular disposition in the event that he survived Joanne. The breach was 

therefore material, as it defeated the agreement’s fundamental purpose—namely, to 

protect each party’s children’s interests in the property—rather than simply to confer a 

life estate on the surviving spouse (see generally Feldmann v Scepter Group. Pte. Ltd., 

185 AD3d 449, 450 [1st Dept 2020]). 

3 

 
As to the constructive trust claim, the parties do not dispute that, as husband and 

wife, Harold and Joanne were in a confidential relationship, and that they made certain 

promises to each other. However, because the constructive trust doctrine is a “fraud-

rectifying” rather than “intent-enforcing” remedy (Bankers Sec. Life Ins. Socy. v 

Shakerdge, 49 NY2d 939, 940 [1980]), plaintiffs were required to demonstrate a legally 

cognizable transfer made in reliance on a promise. They failed to do so. The deed 

established that Harold and Joanne held the apartment as tenants by the entirety, and, 

upon Harold’s death, Joanne became the sole owner by operation of law (see Matter of 

Violi, 65 NY2d at 395).  

The dispositive issue is whether the steps taken by Harold and Joanne—such as 

the execution of a post-nuptial agreement—effected a severance of the tenancy by the 

entirety in a manner consistent with General Obligations Law § 3-309. The Court of 

Appeals has held that this statute requires “clear expressions of intent” before a tenancy 

by the entirety may be modified by agreement between spouses (id. at 396-397). Here, 

the post-nuptial agreement, which was prepared by an attorney, made no express 

statement reflecting an intent to alter the parties’ tenancy by the entirety. Moreover, 

even assuming for the sake of argument that the agreement could be construed as  

4 

 
 
 
evincing such intent, Harold and Joanne were still required to execute wills reflecting 

their desire to convert their tenancy into a tenancy in common, which they did not do.   

THIS CONSTITUTES THE DECISION AND ORDER 
OF THE SUPREME COURT, APPELLATE DIVISION, FIRST DEPARTMENT. 

ENTERED: March 3, 2026 

5 

 
 
 
 
 
 
 
 
 
 
 
 
 
 
 
 
 
 
 
"
2024-06537,,2026-03-05,"Appellate Division, First Department",granted,,,,240 ad3d 18; 233 ad3d 35; 238 ad3d 98,"Supreme Court of the State of New York 
Appellate Division, First Judicial Department 

Present – Hon.   Barbara R. Kapnick, 

Justice Presiding, 

Lizbeth González 
Martin Shulman 
John R. Higgitt 
Llinét M. Rosado, 

Justices. 

                     ___________________ 

Motion No.  2025-06069 
2024-06537 
Case No. 

___________________ 

In the Matter of 
LAMON DARRELL BLAND, 
A suspended attorney: 

ATTORNEY GRIEVANCE COMMITTEE FOR THE 
FIRST JUDICIAL DEPARTMENT, 

Petitioner, 

LAMON DARRELL BLAND  
(OCA Atty. Reg. No. 4752184), 

Respondent. 

Disciplinary proceedings instituted by the Attorney Grievance Committee for the 
First Judicial Department. Respondent, Lamon Darrell Bland, was admitted to 
the Bar of the State of New York at a Term of the Appellate Division of the 
Supreme Court for the First Judicial Department on September 15, 2009. 

Jorge Dopico, Chief Attorney,  
Attorney Grievance Committee, New York 
(Gillian C. Gamberdell, of counsel), for petitioner. 

Respondent, pro se. 

 
 
 
 
 
 
 
 
 
 
 
 
 
 
 
 
 
 
 
 
 
Motion No. 2025-06069 

In the Matter of Lamon Darrell Bland, a suspended attorney 

PER CURIAM 

Respondent Lamon D. Bland was admitted to the practice of law in the State of 

New York by the First Judicial Department on September 15, 2009, under the name 

Lamon Darrell Bland. Respondent maintains a registered address in the First Judicial 

Department. 

By order entered May 1, 2025, pursuant to the Rules for Attorney Disciplinary 

Matters (22 NYCRR) § 1240.9(a)(1) and (3), this Court immediately suspended 

respondent from the practice of law for failure to comply with the Attorney Grievance 

Committee’s (AGC) lawful investigative demands, failure to appear for an examination 

under oath, and failure to produce specified documents as directed by judicial subpoena 

(see Matter of Bland, 238 AD3d 98 [1st Dept 2025]). Respondent’s suspension was 

predicated on a complaint made by his former landlord who alleged that he failed to 

satisfy a judgment she obtained against him. On May 5, 2025, the AGC served 

respondent with notice of entry and a copy of this Court’s suspension order. Respondent 

acknowledged receipt on the same day.  

On May 20, 2025, respondent emailed the AGC to inquire about the appropriate 

steps needed regarding any legal services rendered prior to his suspension. Although 

respondent indicated that he was “not interested” in contesting his suspension, he 

thereafter called the AGC on September 16, 2025 seeking reinstatement. Between 

September 17 and 22, 2025, respondent exchanged emails with the AGC, wherein he 

maintained, inter alia, that he had “fully cooperated … regarding the complaint which 

has nothing to do with the practice of law.”  

2 

 
 
  
 
 
On October 3, 2025, respondent emailed his former landlord and offered to pay 

the judgment from an escrow account if she withdrew her complaint. Respondent 

thereafter emailed the AGC asking what steps were necessary for reinstatement if his 

landlord withdrew her complaint. On October 22, 2025, the AGC informed respondent 

that he must seek reinstatement in accordance with 22 NYCRR 1240.16. Any withdrawal 

of t he complaint by his landlord would not be binding on the AGC.  

The AGC repeatedly informed respondent that he could not be reinstated unless 

he cooperated with the AGC. Nonetheless, respondent has not contacted the AGC since 

October 22, 2025, nor has he made any effort to comply with its investigative demands, 

offered a reasonable explanation as to why he cannot do so, or filed the affidavit of 

compliance required by 22 NYCRR 1240.15(f).  

By motion dated November 7, 2025, the AGC seeks an order, pursuant to 22 

NYCRR 1240.9(b), disbarring respondent on the ground that he was immediately 

suspended pursuant to 22 NYCRR 1240.9(a)(1) and (3) and has neither responded to 

nor appeared for further investigatory or disciplinary proceedings within six months of 

the date of his suspension.  

We find that, inasmuch as six months have elapsed since this Court’s May 1, 2025 

suspension order, and respondent has neither responded to nor appeared for further 

investigatory or disciplinary proceedings, respondent should be disbarred and his name 

stricken from the roll of attorneys in the State of New York, effective immediately (see 

Matter of Jenkins, 240 AD3d 18 [1st Dept 2025]; Matter of Naccarato, 233 AD3d 35 

[1st Dept 2024]).  

Accordingly, the AGC’s motion should be granted, respondent disbarred, and his 

name stricken from the roll of attorneys and counselors-at-law in the State of New York, 

3 

 
effective immediately. 

All concur.  

Wherefore, it is Ordered that the motion by the Attorney Grievance Committee 

for the First Judicial Department for an order pursuant to 22 NYCRR 1240.9(b), 

disbarring respondent, is granted, and respondent, Lamon Darrell Bland, is disbarred 

and his name stricken from the roll of attorneys and counselors-at-law in the State of 

New York, effective immediately, and until further order of this Court; and 

It is further Ordered that, pursuant to Judiciary Law § 90, respondent, Lamon 

Darrell Bland, is commanded to desist and refrain from (1) the practice of law in any 

form, either as principal or agent, clerk or employee of another, (2) appearing as an 

attorney or counselor-at-law before any court, Judge, Justice, board, commission or 

other public authority, (3) giving to another an opinion as to the law or its application or 

any advice in relation thereto, and (4) holding himself out in any way as an attorney and 

counselor-at-law; and 

It is further Ordered that, respondent, Lamon Darrell Bland, shall comply with 

the rules governing the conduct of disbarred or suspended attorneys (see 22 NYCRR 

1240.15), which are made part hereof; and 

It is further Ordered that if respondent, Lamon Darrell Bland, has been issued a 

secure pass by the Office of Court Administration, it shall be returned forthwith. 

Entered: March 5, 2026 

4 

 
 
 
 
 
 
"
2024-04833,,2026-03-05,"Appellate Division, First Department",affirmed,"Moulton, J.; Pitt-burke, J.; Michael, J.; Chan, J.; Pollack, J.",Quiroz; Memorial Hosp. for Cancer & Allied Diseases,,226 ad3d 499; 202 ad3d 541; 179 ad3d 513; 241 ad3d 446; 202 ad3d 601; 135 ad3d 635; 238 ad3d 581,"Supreme Court of the State of New York 
Appellate Division, First Judicial Department 

Moulton, J.P., Pitt-Burke, O'Neill Levy, Michael, Chan, JJ. 

5999 

LAURO SAQUICELA-VILLA, 

Plaintiff-Respondent, 

Index No. 806091/23  
Case No.   2024-04833  

-against- 

THE CITY OF NEW YORK et al., 

Defendants-Appellants. 

Milber Makris Plousadis & Seidel, LLP, Purchase (Michael C. Troiano of counsel), for 
appellants. 

Pollack, Pollack, Isaac & DeCicco, LLP, New York (Brian J. Isaac of counsel), for 
respondent. 

Order, Supreme Court, Bronx County (Myrna Socorro, J.), entered July 16, 2024, 

which granted plaintiff’s motion for partial summary judgment on the Labor Law § 

240(1) claim, unanimously affirmed, without costs. 

The court properly granted plaintiff partial summary judgment on his Labor Law 

§ 240(1) claim. Plaintiff submitted evidence establishing that he fell from an elevated 

scaffold that was shaky and unstable and had no guardrails, no anchoring points 

allowing him to tie himself off, no hoists, and no other equipment to assist him and his 

coworkers in handing down wooden slabs to different levels as they dismantled the 

scaffold. These facts demonstrate violations of Labor Law § 240(1) that proximately 

caused plaintiff’s injuries (see Quiroz v Memorial Hosp. for Cancer & Allied Diseases, 

202 AD3d 601, 605 [1st Dept 2022]; Navarro v Joy Constr. Corp., 241 AD3d 446, 447 

[1st Dept 2025], lv dismissed 44 NY3d 1048 [2026]). 

 
 
 
 
 
 
 
 
 
 
 
Defendants contend that they had a standing order that workers remove or “bend 

in” protruding nails from wooden slabs before handing down the slabs, that workers did 

not follow that policy on the day of the accident, and that a protruding nail from one of 

the slabs snagged plaintiff’s clothing, causing him to fall from the scaffolding. However, 

any differences in the parties’ theories of what caused plaintiff’s accident are irrelevant 

because defendants are liable under any of these versions of the accident (see Gutierrez 

v 610 Lexington Prop., LLC, 179 AD3d 513, 513 [1st Dept 2020]). Even assuming that 

defendants’ theory is correct, plaintiff cannot be said, as a matter of law, to have been 

the sole proximate cause of the accident (see Wilson v AC 320 Hotel Partners LLC, 238 

AD3d 581, 582 [1st Dept 2025]), and comparative negligence is not a defense to a Labor 

Law § 240(1) claim (see Mayorquin v Carriage House Owner’s Corp., 202 AD3d 541, 

542 [1st Dept 2022]). 

Defendants’ argument that summary judgment is premature because the motion 

was made before any depositions had been conducted is unavailing. “The mere hope 

that evidence sufficient to defeat a motion for summary judgment may be uncovered 

during the discovery process is insufficient to deny such a motion” (Guerrero v Milla, 

135 AD3d 635, 636 [1st Dept 2016]). Defendants had opportunities to elicit testimony to 

support their defenses when they prepared affidavits for each of plaintiff’s coworkers  

2 

 
 
 
 
 
 
 
 
 
(see Blacio v Related Constr. LLC, 226 AD3d 499, 500 [1st Dept 2024]). 

THIS CONSTITUTES THE DECISION AND ORDER 
OF THE SUPREME COURT, APPELLATE DIVISION, FIRST DEPARTMENT. 

ENTERED: March 5, 2026 

3 

 
 
 
 
 
 
 
 
 
 
 
 
 
 
 
 
 
  
 
 
"
2024-01784,,2026-03-03,"Appellate Division, First Department",affirmed,"Webber, J.; Shulman, J.; Higgitt, J.; Rosado, J.; Hagler, J.; Rosenblueth, J.","New York State Rifle & Pistol Association, Inc; Bruen",2026 ny slip op 00320; 2025 ny slip op 06528,237 ad3d 570; 230 ad3d 1069; 234 ad3d 620,"Supreme Court of the State of New York 
Appellate Division, First Judicial Department 

Webber, J.P., Shulman, Higgitt, Rosado, Hagler, JJ. 

5994- 
5994A 

THE PEOPLE OF THE STATE OF NEW YORK, 
                      Respondent, 

Ind. Nos. 71568/23  
                  71747/23 
Case No.  2024-01784 

-against- 

J. R., 

Defendant-Appellant. 

Jenay Nurse Guilford, Center for Appellate Litigation, New York (Alec Miran of 
counsel), for appellant. 

Darcel D. Clark, District Attorney, Bronx (T. Charles Won of counsel), for respondent. 

Judgment, Supreme Court, Bronx County (Audrey Stone, J., at plea; Jeffrey 

Rosenblueth, J., at sentencing), rendered February 23, 2024, convicting defendant, 

upon his plea of guilty, of attempted criminal possession of a weapon in the second 

degree, adjudicating him a youthful offender, and sentencing him to a prison term of 1⅓ 

to 4 years, unanimously affirmed. Judgment, same court (Jeffrey Rosenblueth, J.), 

rendered February 23, 2024, convicting defendant, upon his plea of guilty, of assault in 

the first degree, adjudicating him a youthful offender, and sentencing him to a 

concurrent prison term of 1⅓ to 4 years, unanimously affirmed. 

While defendant, who, had he applied for a gun license would have been barred 

from obtaining one because he was under 21 years old, has standing to assert his Second 

Amendment challenge to the age requirement in New York’s gun licensing law in light of 

New York State Rifle & Pistol Association, Inc. v Bruen (597 US 1 [2022]) (see People v 

Johnson,  – NY3d  –,  2025 NY Slip Op 06528, *6 [2025]; People v Jhowalli S.,  –  AD3d  

 
 
 
 
 
 
 
 
 
 
 
– , 2026 NY Slip Op 00320, *1 [1st Dept 2026]), the challenge is without merit. 

Defendant has failed to establish that his conviction is unconstitutional under Bruen, 

and this Court has previously held that New York’s age restriction on gun licensing does 

not offend the Second Amendment (see Jhowalli S., 2026 NY Slip Op 00320, *1, citing 

People v Maldonado, 230 AD3d 1069, 1070 [1st Dept 2024], lv denied 42 NY3d 1053 

[2024]).  

Defendant’s challenge to the “good moral character” licensing requirement under 

Penal Law § 400.00(1)(b) is unpreserved for our review, as he did not raise this 

argument in his motion to dismiss the indictment (see People v Cabrera, 41 NY3d 35, 

42 [2023]; People v Watts, 234 AD3d 620, 621 [1st Dept 2025], lv denied 43 NY3d 1059 

[2025]), and we decline to review it in the interest of justice. As an alternative holding, 

we reject it on the merits (see People v Guzman, 237 AD3d 570, 571 [1st Dept 2025], lv 

denied 44 NY3d 993 [2025]).  

We perceive no basis for reducing the sentence. 

We have considered defendant’s remaining contentions and find them 

unavailing.

THIS CONSTITUTES THE DECISION AND ORDER 

OF THE SUPREME COURT, APPELLATE DIVISION, FIRST DEPARTMENT. 

ENTERED: March 3, 2026 

2 

 
 
 
 
 
 
 
 
 
 
 
 
 
 
 
 
 
 
 
 
 
 
 
"
2024-05340,,2026-03-03,"Appellate Division, First Department",affirmed,"Webber, J.; Shulman, J.; Higgitt, J.; Rosado, J.; Hagler, J.",People; Johnson,2026 ny slip op 00323; 2025 ny slip op 06528; 2026 ny slip op 00096,,"Supreme Court of the State of New York 
Appellate Division, First Judicial Department 

Webber, J.P., Shulman, Higgitt, Rosado, Hagler, JJ. 

5974 

THE PEOPLE OF THE STATE OF NEW YORK, 

Respondent, 

-against- 

ALDO JORGE RODRIGUEZ, 

Defendant-Appellant. 

Ind. No. 74794/22  
Case No. 2024-05340  

Jenay Nurse Guilford, Center for Appellate Litigation, New York (Leanna J. Duncan of 
counsel), for appellant. 

Darcel D. Clark, District Attorney, Bronx (Maria I. Wager of counsel), for respondent. 

Judgment, Supreme Court, Bronx County (Albert Lorenzo, J. on motion to 

dismiss; Alvin Yearwood, J. at plea; Seth Steed, J. at sentencing), rendered August 8, 

2024, convicting defendant of criminal possession of a weapon in the fourth degree, and 

sentencing him to one year of probation, unanimously affirmed. 

Even assuming the validity of defendant's waiver of appeal, it would not foreclose 

from review his Second Amendment claim, and he has standing to raise his facial 

challenge to the constitutionality of New York's firearm licensing scheme, 

notwithstanding that he never applied to obtain a firearm license (see People v Johnson, 

-- NY3d --, --, 2025 NY Slip Op 06528, *2 [2025]). However, defendant has failed to 

establish that the instant indictment is unconstitutional under New York State Rifle &  

 
 
 
 
 
 
 
 
 
 
 
 
 
 
Pistol Assn., Inc. v Bruen (597 US 1 [2022]; see e.g. Johnson, 2025 NY Slip Op 06528, 

*3; People v Rosavong, - AD3d -, 2026 NY Slip Op 00096 [1st Dept 2026]; People v 

Balogh - AD3d -, 2026 NY Slip Op 00323 [1st Dept 2026]). 

THIS CONSTITUTES THE DECISION AND ORDER 
OF THE SUPREME COURT, APPELLATE DIVISION, FIRST DEPARTMENT. 

ENTERED: March 3, 2026 

2 

 
 
 
 
 
 
 
 
 
 
 
 
 
 
 
 
 
 
 
 
"
2025-00340,,2026-03-05,"Appellate Division, First Department",affirmed,"Moulton, J.; Pitt-burke, J.; Michael, J.; Chan, J.; Kelley, J.",Matter of Pell; Board of Educ. Of Union Free School Dist,,93 ad3d 590; 194 ad3d 464; 226 ad3d 589; 242 ad3d 539,"Supreme Court of the State of New York 
Appellate Division, First Judicial Department 

Moulton, J.P., Pitt-Burke, O'Neill Levy, Michael, Chan, JJ. 

6009 

In the Matter of STEPHEN CHENG, 

Petitioner/Respondent-Appellant-
Respondent, 

Index No. 155861/23 
Case No.  2025-00340  

-against- 

STATE OF NEW YORK DIVISION OF HOUSING AND 
COMMUNITY RENEWAL, 

Respondent-Respondent,        

30 WEST 88 REALTY, LLC, et al., 
             Respondents/Petitioners-    
             Respondents-Appellants. 

The Price Law Firm, Melville (Lilly D. Pollak of counsel), for appellant-respondent. 

Fotopoulos Law, PLLC, New York (Jordan C. Fried of counsel), for respondents-
appellants. 

Mark F. Palomino, New York State Division of Housing and Community Renewal, New 
York (Robert Ambaras of counsel), for respondent. 

 Order and judgment (one paper), Supreme Court, New York County (John J. 

Kelley, J.), entered on or about January 3, 2025, which denied petitioner/cross-

respondent’s petition to annul a determination of respondent New York State Division 

of Housing and Community Renewal (DHCR) dated May 11, 2023, to the extent it 

denied his petition for administrative review of a rent administrator’s order dated May 

28, 2021 declining to consider his rent overcharge complaint on the basis that the 

subject apartment was not under its jurisdiction; denied respondents/cross-petitioners’ 

 
 
 
 
 
 
 
 
 
 
 
 
 
cross-petition to annul the May 11, 2023 determination to the extent it concluded that 

the subject apartment was not properly deregulated and is rent stabilized; and 

dismissed the proceeding brought pursuant to CPLR Article 78, unanimously affirmed, 

without costs. 

Supreme Court properly held that DHCR’s determination was not arbitrary and 

capricious (CPLR 7803[3]; Matter of Pell v Board of Educ. Of Union Free School Dist. 

No. 1 of Towns of Scarsdale & Mamaroneck, Westchester County, 34 NY2d 222, 231 

[1974]). The record establishes that DHCR rationally concluded that the subject 

apartment was rent stabilized. To avail itself of a “first rent” after a period of temporary 

exemption, the owner was required to offer the tenant paying that rent a rent-stabilized 

lease. In the absence of such a lease, neither the first post-exemption rent nor the 

subsequently increased rents could constitute legal regulated rents (see Matter of AEJ 

534 E. 88th, LLC v New York State Div. of Hous. & Community Renewal, 194 AD3d 

464, 471 [1st Dept 2021]; Gordon v 305 Riverside Corp., 93 AD3d 590, 593 [1st Dept 

2012]; Rent Stabilization Code [9 NYCRR] § 2526.1[a][3][iii]). Nor do we accept owner’s 

argument that the “bridging the gap” methodology was appropriate, as the theoretical 

vacancy rent resulting from the vacatur of the first tenant after the exemption period 

was likewise not a legal rent. Because no legal rents were recorded at the time the owner 

could avail itself of high rent vacancy deregulation, the apartment was not properly 

deregulated and remains subject to rent stabilization. 

Supreme Court also properly concluded that DHCR did not arbitrarily fail to 

consider alleged indicia of a fraudulent scheme to deregulate, as it considered extensive 

evidence beyond the four-year lookback period, including contemporaneous 

registrations and leases (see Matter of Gassama v New York State Dept. of Hous. and 

2 

 
 
Community Renewal, 226 AD3d 589, 589 [1st Dept 2024]). Nor was it irrational, based 

on that evidence, for DHCR to find that there was no fraudulent scheme to deregulate 

the apartment such that use of the default formula to calculate rent overcharges would 

be warranted (see Matter of Regina Metro. Co., LLC v New York State Div. of Hous. & 

Community Renewal, 35 NY3d 332, 354-355 [2020]). When an agency's determination 

is supported by the record, “even if different conclusions could be reached as a result of 

conflicting evidence,” a court “may not substitute its judgment for that of the agency” 

(Matter of Wadsworth Assoc. LLC v New York State Div. of Hous. and Community 

Renewal, 242 AD3d 539, 540 [1st Dept 2025] [internal quotation marks omitted]). 

We have considered the remaining contentions and find them unavailing. 

THIS CONSTITUTES THE DECISION AND ORDER 
OF THE SUPREME COURT, APPELLATE DIVISION, FIRST DEPARTMENT. 

ENTERED: March 5, 2026 

3 

 
 
 
 
 
 
 
 
 
 
 
 
 
 
 
 
 
 
  
 
"
2025-04941,,2026-03-03,"Appellate Division, First Department",reversed,"Webber, J.; Shulman, J.; Higgitt, J.; Rosado, J.; Hagler, J.",St. Tenants Corp; Bell,,248 ad2d 277; 93 ad3d 175; 115 ad3d 428,"Supreme Court of the State of New York 
Appellate Division, First Judicial Department 

Webber, J.P., Shulman, Higgitt, Rosado, Hagler, JJ. 

5979 

CASTLE VILLAGE OWNERS CORP., 
Plaintiff-Appellant, 

Index No. 654284/23  
Case No. 2025-04941  

-against- 

GUILLERMINA GIRARDI, 

Defendant-Respondent. 

Seyfarth Shaw LLP, New York (Ingrid C. Manevitz of counsel), for appellant. 

Guillermina Girardi, respondent pro se. 

Order, Supreme Court, New York County (Lyle E. Frank, J.), entered on or about 

June 25, 2025, which, to the extent appealed from as limited by the briefs, denied 

plaintiff’s motion for summary judgment on its claims and dismissing defendant’s 

counterclaims, unanimously reversed, on the law, without costs, the motion granted, 

and it is declared that under the terms of the proprietary lease, defendant shall provide 

plaintiff with access to defendant’s apartment to repair the leak, at defendant’s expense. 

Plaintiff cooperative apartment corporation made a prima facie showing that 

there was a leak in the shower pan in defendant’s apartment that caused water damage 

to the apartment below based on photographs and the affidavits of the assistant 

superintendent and the resident of the apartment with the water damage. Plaintiff 

correctly asserts that under the proprietary lease, defendant was required to repair the 

leak or grant it access to her apartment to make the necessary repairs, and she failed to 

 
 
 
 
 
 
 
 
 
 
 
comply (see 24-26 East 82nd St. Tenants Corp. v Bell, 248 AD2d 277 [1st Dept 1998], lv 

dismissed 92 NY2d 877 [1998]).  

Defendant presented some evidence that the leak was nonexistent based on 

inspections by the New York City Department of Housing Preservation and 

Development. However, plaintiff correctly notes that the determination as to the 

manner and extent of repairs is generally protected by the business judgment rule (see 

Berenger v 261 W. LLC, 93 AD3d 175, 184 [1st Dept 2012]).  

While the business judgment rule permits review of board decisions where the 

challenger demonstrates that the board’s action deliberately singled out individuals for 

harmful treatment (see Pokoik v Pokoik, 115 AD3d 428, 430 [1st Dept 2014]), defendant 

presented no evidence, other than speculation, that she was singled out for unequal 

treatment due to a dispute over gas pipe work in her apartment and her subsequent 

filing of an action against plaintiff based on that dispute.  

               Plaintiff’s motion for summary judgment dismissing defendant’s counterclaims 

should have been granted, as the claims fail to state causes of action.  

THIS CONSTITUTES THE DECISION AND ORDER 
OF THE SUPREME COURT, APPELLATE DIVISION, FIRST DEPARTMENT. 

ENTERED: March 3, 2026 

2 

 
  
 
 
 
 
 
 
 
 
 
 
 
 
 
 
 
 
 
 
 
"
2025-03509,,2026-03-03,"Appellate Division, First Department",reversed,"Webber, J.; Shulman, J.; Higgitt, J.; Rosado, J.; Hagler, J.",NY Branch; Navarro,,223 ad3d 610; 63 ad3d 447; 78 ad3d 577,"Supreme Court of the State of New York 
Appellate Division, First Judicial Department 

Webber, J.P., Shulman, Higgitt, Rosado, Hagler, JJ. 

5995 

FORT CRE 2022-FL3 ISSUER LLC, et al., 

Plaintiffs-Appellants, 

-against- 

MARK KARASICK et al., 

Defendants-Respondents. 

Index No. 654803/24  
Case No. 2025-03509  

Thompson Coburn LLP, New York (Zachary G. Newman of counsel), for appellants. 

Nutter McClennen & Fish LLP, New York (Christopher J. Sullivan of counsel), for 
respondents. 

Order, Supreme Court, New York County (Margaret A. Chan, J.), entered on or 

about May 30, 2025, which granted defendants’ motion for a stay, pursuant to CPLR 

2201, pending resolution of a related Minnesota foreclosure action, unanimously 

reversed, on the law, without costs, the motion denied, and the stay vacated. 

We reject the argument by defendants, guarantors of the loan that is the subject 

of a pending foreclosure action in Minnesota, that this action to enforce the guaranty 

should await a determination as to the merit of any defenses presented in the other 

action. In addition to having been waived in the relevant guaranties, defenses to the 

underlying foreclosure action are irrelevant to this action, which seeks only to enforce 

absolute and unconditional guaranties of payment (not collection) (see generally 

Cooperatieve Centrale Raiffeisen-Boerenleenbank, B.A., “Rabobank Intl.,” NY Branch v 

Navarro, 25 NY3d 485, 493-95 [2015]).  

 
 
 
 
 
 
 
 
 
 
The subject guaranties expressly provide that they are guaranties of payment and 

not of collection; that exhaustion of remedies as against the borrower or the collateral 

are not necessary preconditions to enforcement; that “Guarantor shall remain liable 

hereon regardless of whether Borrower or any other Person shall be found not liable on 

the Guaranteed Obligations or any part thereof for any reason”; that Guarantor’s 

obligations “shall not be reduced, discharged or released because or by reason of any 

existing or future right of offset, claim or defense of Borrower . . . against Lender . . . or 

against payment of the Guaranteed Obligations . . . , whether such right of offset, claim 

or defense arises in connection with the Guaranteed Obligations (or the transactions 

creating the Guaranteed Obligations) or otherwise”; and that any rights Guarantors 

might otherwise have with respect to these events and circumstances are “waive[d].”  

This language is sufficiently broad to foreclose challenges even to post-execution 

misconduct (see DB 232 Seigel Mezz LLC v Moskovits, 223 AD3d 610, 611 [1st Dept 

2024]; Fortress Credit Corp. v Hudson Yards, LLC, 78 AD3d 577, 577 [1st Dept 2010]; 

Hotel 71 Mezz Lender LLC v Mitchell, 63 AD3d 447, 448 [1st Dept 2009]). 

The “actual losses, actual damages” language in the free-standing paragraph of 

§ 1.2 of the Payment Guaranty does not transform that guaranty into a conditional 

guaranty of collection. This paragraph provides that Guarantor shall be liable for not 

just “actual losses” and “actual damages,” but also “liabilities, claims, actions, 

judgments, court costs, and legal and other expenses … incurred by the Lender as a 

direct or indirect consequence of the matters set forth therein.” At most, this implies a 

limitation to the outstanding amount of unpaid debt. It does not at any rate apply to 

§ 1.2(a) (the sole section on which plaintiffs rely in this action) but only to § 1.2(b). 

2 

 
In light of our disposition of the appeal based on the guaranties themselves, we 

need not reach plaintiff’s arguments with respect to substantial identity of the parties, 

prejudice, and the effect of Real Property Actions and Proceedings Law § 1301(3).   

THIS CONSTITUTES THE DECISION AND ORDER 
OF THE SUPREME COURT, APPELLATE DIVISION, FIRST DEPARTMENT. 

ENTERED: March 3, 2026 

3 

 
 
 
 
 
 
 
 
 
 
 
 
 
 
 
 
 
 
 
 
 
"
2025-01052,,2026-03-05,"Appellate Division, First Department",affirmed,"Moulton, J.; Mendez, J.; Chan, J.",People; Thomas,,234 ad3d 619; 239 ad3d 574; 241 ad3d 1126,"Supreme Court of the State of New York 
Appellate Division, First Judicial Department 

Moulton, J.P., Mendez, O'Neill Levy, Chan, JJ. 

5996 

THE PEOPLE OF THE STATE OF NEW YORK, 

Respondent, 

-against- 

DEBRA GRAHAM, 

Defendant-Appellant. 

Ind. No.  71500/24  
Case No. 2025-01052  

Jenay Nurse Guilford, Center for Appellate Litigation, New York (Abigail Everett of 
counsel), for appellant. 

Darcel D. Clark, District Attorney, Bronx (Christopher P. Marinelli of counsel), for 
respondent. 

Judgment, Supreme Court, Bronx County (Kim M. Parker, J.), rendered January 

28, 2025, convicting defendant, upon her plea of guilty, of grand larceny in the fourth 

degree and petit larceny, and sentencing her to five years of probation on the grand 

larceny count and a conditional discharge of one year on the petit larceny count, 

unanimously modified, on the law, to the extent of striking the condition of probation 

requiring her to pay $375 in surcharge and fees as a condition of her probation, and 

otherwise affirmed.  

Defendant did not knowingly, intelligently, and voluntarily waive her right to 

appeal (see People v Thomas, 34 NY3d 545, 559 [2019], cert denied 589 US 1302 

[2020]). The court did not explain that the right to appeal is “separate and distinct” 

from the rights automatically waived by a guilty plea, or that defendant would ordinarily 

retain the right to appeal even after pleading guilty. While defendant signed a detailed 

 
 
 
 
 
 
 
 
 
 
 
 
written waiver which thoroughly and correctly explained these distinctions, the record 

did not establish that defendant read the written waiver or that she understood its 

contents. Nonetheless, we perceive no basis for reducing the sentence.  

We find that making payment of the mandatory surcharge, crime victim’s assistance 

fees, and DNA fees, a condition of defendant’s probation will not assist in ensuring that 

she leads a law-abiding life and is not reasonably related to her rehabilitation (see 

People v Percy, 234 AD3d 619, 620 [1st Dept 2025]), accordingly that condition is 

stricken. We note that the people do not oppose this relief.  

We find that the condition of probation that requires defendant to “[a]void 

injurious or vicious habits; refrain from frequenting unlawful or disreputable places; 

and [] not consort with disreputable people,” is reasonably related to her rehabilitation 

given that defendant was convicted of stealing the complainant’s wallet which contained 

her licenses, debit and credit cards, and admitted to the Department of Probation that 

she smokes marijuana on a daily basis (see People v Lombard, 241 AD3d 1126 [1st Dept 

2025]; People v Lowndes, 239 AD3d 574, 575 [1st Dept 2025], lv denied 44 NY3d 1012 

[2025]). Indeed, that condition is expressly authorized by, and tracks the language of, 

Penal Law § 65.10 (2)(a) and (b). 

Defendant has not provided an adequate record for this Court to review her claim 

that due to her physical disability, she cannot work, and that the condition of probation 

that requires her to “[w]ork faithfully at suitable employment or pursue a course of 

study or vocational employment approved by the Department of Probation that can lead 

to suitable employment” should be stricken (see People v Kinchen, 60 NY2d 772, 774 

[1983]). Defendant’s statements to the Department of Probation regarding her physical 

disability and her receipt of Social Security benefits due to her physical disability were 

2 

 
 
not verified, and defendant did not challenge that condition at sentencing so as to create 

an adequate record.  

Defendant did not ask the sentencing court for a certificate of relief from civil 

disabilities, and thus, there is no determination for this Court to review (see Correction 

Law § 702[3]).  

THIS CONSTITUTES THE DECISION AND ORDER 
OF THE SUPREME COURT, APPELLATE DIVISION, FIRST DEPARTMENT. 

ENTERED: March 5, 2026 

3 

 
 
 
 
 
 
 
 
 
 
 
 
 
 
 
 
 
 
  
 
"
2025-04188,,2026-03-05,"Appellate Division, First Department",affirmed,"Moulton, J.; Pitt-burke, J.; Michael, J.; Chan, J.",People; Deverow,2026 ny slip op 00201,220 ad3d 407; 203 ad3d 505; 157 ad3d 642; 156 ad3d 144; 143 ad3d 516; 259 ad2d 60,"Supreme Court of the State of New York 
Appellate Division, First Judicial Department 

Moulton, J.P., Pitt-Burke, O'Neill Levy, Michael, Chan, JJ. 

6014 

JOSEPH SCHIFF, 

Plaintiff-Appellant-Respondent, 

Index No. 155656/19  
Case No.   2025-04188  

-against- 

INTERSYSTEM S&S CORP., et al., 

Defendants-Respondents-Appellants, 

INTERSYSTEM INSTALLATION CORP. et al., 

Defendants. 

German Rubenstein LLP, New York (Joel M. Rubenstein of counsel), for appellant-
respondent. 

Wilson Elser Moskowitz Edelman & Dicker LLP, White Plains (Nicholas R. Napoli, III of 
counsel), for Intersystem S&S Corps., respondent-appellant. 

London Fischer LLP, New York (Brian A. Kalman of counsel), for The Apple Bank 
Building Condominium, respondent-appellant. 

Order, Supreme Court, New York County (Paul A. Goetz, J.), entered March 31, 

2025, which, to the extent appealed from as limited by the briefs, denied defendant 

Intersystem S&S Corp.’s motion for summary judgment dismissing the complaint as 

against it and dismissing the cross-claims of defendant The Apple Bank Building 

Condominium as against it for common-law indemnification and contribution and for 

breach of contract for failure to procure insurance; denied so much of plaintiff’s cross-

motion as sought summary judgment on the issue of liability as against Intersystem and 

spoliation sanctions against Intersystem; and denied so much of Apple Bank’s motion as 

sought summary judgment dismissing the complaint as against it and on its cross-

 
 
 
 
 
 
 
 
 
 
 
 
claims against Intersystem for common-law indemnification and breach of contract for 

failure to procure insurance, unanimously modified, on the law, to grant so much of 

plaintiff’s cross-motion as sought summary judgment on the issue of liability as against 

Intersystem, and so much of Apple Bank’s motion as sought summary judgment on its 

cross-claim against Intersystem for breach of contract for failure to procure insurance, 

and otherwise affirmed, without costs. 

Plaintiff’s post-accident statements to his domestic partner and to the responding 

police officer, that he fell on Intersystem’s scaffolding on the sidewalk, were not 

admissible under the exceptions to the rule against hearsay as excited utterances or 

present sense impressions. The statements were not contemporaneous with the incident 

(see People v Deverow, 38 NY3d 157, 165-166 [2022]), nor were they made while 

plaintiff was still under the stress of excitement after his fall (see People v Johnson, 1 

NY3d 302, 306-307 [2003]).  

However, the testimony by plaintiff’s domestic partner as to what an Intersystem 

supervisor told her after the accident — namely, that plaintiff had tripped over 

scaffolding materials that Intersystem had left on the sidewalk — was admissible as an 

opposing-party statement, as the supervisor made the statement while working within 

the scope of his employment by Intersystem (CPLR 4549).  

Supreme Court should have granted summary judgment to plaintiff on the issue 

of liability as against Intersystem. The opposing-party statement, coupled with 

plaintiff’s partner’s observations at the scene of blood on both plaintiff and scaffolding 

materials on the sidewalk, “provide[d] sufficient facts and circumstances from which 

causation may be reasonably inferred” without resorting to speculation (Haibi v 790 

Riverside Dr. Owners, Inc., 156 AD3d 144, 147 [1st Dept 2017]). This evidence not only 

2 

 
 
raised issues of fact precluding summary judgment dismissing the complaint as against 

Intersystem, but also established prima facie that Intersystem, in failing to exercise 

reasonable care in conducting its work, “launche[d] a force or instrument of harm” 

(Espinal v Melville Snow Contrs., 98 NY2d 136, 140 [2002] [internal quotation marks 

omitted]). In opposition, Intersystem failed to raise an issue of fact. 

In light of our determination on Intersystem’s liability, the parties’ arguments 

regarding whether Intersystem should have been sanctioned for alleged spoliation of 

evidence are rendered academic.  

Supreme Court correctly denied Apple Bank’s motion to the extent it sought 

summary judgment dismissing the complaint as against it. Apple Bank failed to 

establish its prima facie entitlement to judgment as a matter of law, as it submitted no 

evidence of when the area in question was last cleaned or inspected before plaintiff fell 

(see Vargas v Riverbay Corp., 157 AD3d 642, 642 [1st Dept 2018]; Ricci v A.O. Smith 

Water Prods. Co., 143 AD3d 516, 516 [1st Dept 2016]). Although Apple Bank submitted 

an affidavit addressing the issue in its reply, this evidence could not be considered in 

support of its prima facie burden (see e.g. Coon v WFP Tower B Co. L.P., 220 AD3d 

407, 409 [1st Dept 2023]). Further, Apple Bank cannot show entitlement to summary 

judgment merely by pointing to perceived gaps in plaintiff’s case (see Pullman v 

Silverman, 28 NY3d 1060, 1062 [2016]; Vargas, 157 AD3d at 642).  

Given the issues of fact as to its liability, Supreme Court also properly denied 

Apple Bank’s motion to the extent it sought summary judgment on its cross-claim for 

common-law indemnification against Intersystem (see Correia v Professional Data 

Mgt., 259 AD2d 60, 65 [1st Dept 1999]). We do not reach Intersystem’s argument that 

Apple Bank’s cross-claims against it should be dismissed, as Intersystem’s request for 

3 

 
 
 
 
that relief was expressly conditioned on the complaint’s dismissal as against it (see 

Pander v GuildNet, Inc., — AD3d —, —, 2026 NY Slip Op 00201, *1 [1st Dept 2026]).  

However, Supreme Court should have addressed the merits of Apple Bank’s 

request for summary judgment on its newly added cross-claim against Intersystem for 

breach of contract for failure to procure insurance. The proposed amended pleading 

containing the cross-claim contained no demand for an answer, and was therefore 

deemed denied (see CPLR 3011). Accordingly, there was no need for Intersystem to join 

issue on the cross-claim before Apple Bank could seek summary judgment on it. 

On the merits, Apple Bank should have been awarded summary judgment on that 

cross-claim, as it sustained its prima facie burden by submitting the relevant contract 

requiring Intersystem to name “the Customer” as an additional insured (see Benedetto v 

Hyatt Corp., 203 AD3d 505, 506 [1st Dept 2022]). Although the contract does not 

define “the Customer,” the documentary and testimonial evidence that Apple Bank 

submitted in support of its motion — including the deposition testimony of 

Intersystem’s principal indicating that “the Customer” referred to Apple Bank — 

established that Apple Bank was “the Customer” within the meaning of the contract. 

Intersystem did not submit any insurance policy naming Apple Bank as an additional  

insured and, thus, failed to raise an issue of fact in opposition (see id.). 

THIS CONSTITUTES THE DECISION AND ORDER 
OF THE SUPREME COURT, APPELLATE DIVISION, FIRST DEPARTMENT. 

ENTERED: March 5, 2026 

4 

 
 
 
 
 
 
 
 
 
 
 
 
 
 
 
 
 
 
 
  
5 

 
 
 
"
2024-04818,,2026-03-05,"Appellate Division, First Department",reversed,"Moulton, J.; Pitt-burke, J.; Michael, J.; Chan, J.",Matter of Mercedes E.H; Dexter,,140 ad3d 603; 235 ad3d 560,"Supreme Court of the State of New York 
Appellate Division, First Judicial Department 

Index No. 320246/20  
Case No.   2024-04818 

Moulton, J.P., Pitt-Burke, O'Neill Levy, Michael, Chan, JJ. 

5997 

A. L., 

Plaintiff-Respondent, 

-against- 

A. M., 

Defendant-Appellant, 

Al. L-M, 
             Nonparty-Appellant.    

The Law Office of Neena Tankha PLLC, New York (Liza J. Trazzera of counsel), for 
appellant. 

Hasapidis Law Offices, South Salem (Annette G. Hasapidis of counsel), for respondent. 

Donna C, Chin, New York, attorney for child, Al. L-M. 

Marion C. Perry, New York, attorney for child, An. L-M. 

Order, Supreme Court, New York County (Douglas E. Hoffman, J.), entered on or 

about July 9, 2024, which, to the extent appealed from as limited by the briefs, denied, 

without a hearing, the branch of defendant wife’s motion for an order modifying the 

parties’ separation agreement to award her sole legal and physical custody of the 

children, unanimously reversed, on the law, without costs, and the motion granted to 

the extent of remanding the matter for a hearing to determine whether a modification is 

in the best interests of the children. 

 
 
 
 
 
 
 
                    
                     
 
 
 
 
 
 
 
 
The wife and the children’s attorneys persuasively demonstrate that, since the 

divorce, the parties' relationship has deteriorated to the point that they are incapable of 

meaningful communication or cooperation regarding the children, thereby establishing 

the requisite material change in circumstances (see Matter of Mercedes E.H. v Dexter 

R.N., 235 AD3d 560, 561 [1st Dept 2025]). Between April 2022 and July 2024, the 

parties were repeatedly unable to collaborate in a timely or effective manner on matters 

affecting the children, such as education, medical, and mental health care. Although the 

motion court expressly acknowledged the parties’ inability to make joint decisions 

without the intervention of multiple attorneys, its July 2024 order effectively consigns 

the family to perpetual litigation over both major and minor decisions, which is likely to 

exacerbate parental conflict and place the children in a constant state of uncertainty and 

anxiety. 

While the court noted that the parties were ultimately able to agree on the 

younger child’s school placement, that isolated decision occurred only after the child 

had been disenrolled and gone without schooling for months. More typically, disputes 

have resulted in paralysis rather than resolution, as evidenced by one child’s failure to 

attend any summer camp program in 2023 and the other child’s months-long gap in 

therapy due to the parents’ inability to reach an agreement on who should provide it. 

Medical decision-making has been an even greater source of conflict, to the point that 

the parents were prohibited from jointly attending the younger child’s medical 

appointments and repeatedly sought competing second opinions on routine medical 

issues. 

In light of the conflicting allegations between the parties and the lack of a 

comprehensive record, a fact-finding hearing is necessary to determine the children’s 

2 

 
best interests (see Shoshanah B. v Lela G., 140 AD3d 603, 607 [1st Dept 2016]). To the 

extent the older child argues that the wife should be awarded sole custody based on the 

current record before this Court, which she urges establishes that she has not had a 

relationship with the husband for nearly five years and that, given her age of 16, her 

personal preferences are entitled to great weight, these are factors for the trial court to 

consider, but are not, in and of themselves, sufficient to award the mother sole custody 

without a hearing.   

We have considered the remaining arguments and find them unavailing. 

THIS CONSTITUTES THE DECISION AND ORDER 
OF THE SUPREME COURT, APPELLATE DIVISION, FIRST DEPARTMENT. 

ENTERED: March 5, 2026 

3 

 
 
 
 
 
 
 
 
 
 
 
 
 
 
 
 
 
  
 
"
2025-01632,,2026-03-03,"Appellate Division, First Department",affirmed,"Webber, J.; Shulman, J.; Higgitt, J.; Rosado, J.; Hagler, J.",Whitney; Whitney,,160 ad3d 965,"Supreme Court of the State of New York 
Appellate Division, First Judicial Department 

Webber, J.P., Shulman, Higgitt, Rosado, Hagler, JJ. 

5977 

MARTHA ELIZALDE MORRISSEY, 

Plaintiff-Appellant, 

Index No. 301220/24 
Case No. 2025-01632 

-against- 

MICHAEL JOSEPH MORRISSEY, 

Defendant-Respondent. 

Martha Elizalde Morrissey, appellant pro se. 

Zimmet Law Group P.C., New York (Richard A. Schioppo of counsel), for respondent. 

 Order, Supreme Court, New York County (Michael L. Katz, J.), entered on or 

about January 24, 2025, which denied plaintiff wife’s motion to consolidate a Family 

Court proceeding pending in New York County with this matrimonial action, and for a 

renewed award of maintenance and for pendente lite relief, without prejudice to seeking 

the same relief in a pending matrimonial action between the parties in Supreme Court, 

Queens County, and granted defendant husband’s cross-motion to dismiss the action 

pursuant to CPLR 3211(a)(4), unanimously affirmed, without costs.  

The husband demonstrated that the Queens County matrimonial action, which 

was pending at the time the wife commenced this matrimonial action, arose from the 

same subject matter, sought substantially the same relief, and involved the same parties. 

Accordingly, Supreme Court providently exercised its “broad discretion” in granting the  

 
 
 
 
 
 
 
 
 
 
 
 
 
husband’s cross-motion to dismiss pursuant to CPLR 3211(a)(4) (Whitney v Whitney, 57 

NY2d 731, 732 [1982]; see Matter of Pryce v Pryce, 160 AD3d 965, 966 [2d Dept 2018]). 

We have reviewed the wife’s remaining contentions and find them unavailing. 

THIS CONSTITUTES THE DECISION AND ORDER 
OF THE SUPREME COURT, APPELLATE DIVISION, FIRST DEPARTMENT. 

ENTERED: March 3, 2026 

2 

 
 
 
 
 
 
 
 
 
 
 
 
 
 
 
 
 
 
 
 
 
 
"
2024-03450,,2026-03-03,"Appellate Division, First Department",reversed,"Moulton, J.; Scarpulla, J.; Gesmer, J.; Rosado, J.",Turner; Owens Funeral Home,,167 ad3d 548; 82 ad3d 133; 140 ad3d 632,"Supreme Court of the State of New York 
Appellate Division, First Judicial Department 

Moulton, J.P., Scarpulla, Gesmer, Rosado, O'Neill Levy, JJ. 

4613 

SHARELLE FELTON et al., 

Plaintiffs-Respondents, 

Index No. 23808/20  
Case No. 2024-03450  

-against- 

ST. JOSEPH HOSPITAL et al., 

Defendants-Respondents-Appellants, 

GREENWOOD CREMATORY, 

Defendant-Appellant-Respondent, 

DAWN TADDEO, 

Defendant. 

McCarthy & Associates, Melville (Michael D. Kern of counsel), for appellant-respondent. 

Kerley, Walsh, Matera & Cinquemani, P.C., Seaford (Lauren B. Bristol of counsel), for 
St. Joseph Hospital, respondent-appellant. 

Marshall Conway Bradley Gollub & Weissman, P.C., New York (Melissa Freedman of 
counsel), for Ackerman Funeral Chapel, Inc., respondent-appellant. 

Salenger, Sack, Kimmel & Bavaro, LLP, Woodbury (Gerilynn Fedrich Falasco of 
counsel), for respondents. 

Order, Supreme Court, Bronx County (Bianka Perez, J.), entered on or about May 

29, 2024, which denied defendants Rosemount Memorial s/h/a Greenwood Crematory, 

Ackerman’s Funeral Chapel, Inc., and WSNCH North, Inc. doing business as St. Joseph 

Hospital’s separate motions for summary judgment dismissing plaintiffs’ claims and all 

cross-claims against them, unanimously reversed, on the law, without costs, the motions 

granted, and the complaint and all cross-claims against them dismissed. The Clerk is 

directed to enter judgment accordingly. 

 
 
 
 
 
 
 
 
 
 
 
 
 
 
Plaintiffs, the alleged adult children of decedent Otis Felton, assert that their 

rights of sepulcher were infringed by defendants. Mr. Felton died on February 11, 2019, 

at St. Joseph Hospital, after he was transported from Parkview Nursing Home in cardiac 

arrest.  

St. Joseph took appropriate steps to locate and notify the decedent’s next of kin, 

Dawn Taddeo, who was identified as his “spouse” in the hospital records and his “wife” 

in the records of Parkview, the nursing home where he resided before being 

hospitalized. Ms. Taddeo notified one of plaintiffs’ cousins of Mr. Felton’s death, who in 

turn notified plaintiffs. Plaintiffs traveled from Pennsylvania, where they reside, to St. 

Joseph to see the decedent and were escorted to the morgue upon arrival. However, they 

did not at that time leave contact information or reach out to the hospital about 

disposition of the decedent or to make funeral arrangements. 

On February 21, 2019, Ms. Taddeo, who represented herself as decedent’s 

“domestic partner,” contacted Ackerman’s Funeral Chapel and requested that it retrieve 

decedent’s body for cremation. It is undisputed that Ms. Taddeo readily provided 

Ackerman’s with the decedent’s personal information, including his social security 

number, date of birth, address, and parents’ names. The following day, a licensed 

funeral director on behalf of Ackerman’s, bearing a Funeral Director’s Statement of 

Authority, picked up the decedent’s remains from St. Joseph after receiving payment 

from Ms. Taddeo’s son.  

On February 23rd, Ackerman’s transported the body to Greenwood Crematory, in 

accordance with instructions from Ms. Taddeo. Representatives of both Ackerman’s and 

Greenwood testified that, on March 4th, Ms. Taddeo signed the cremation authorization 

2 

 
and sent it to the Crematory, although the March 4 authorization is not in the record. 

Greenwood cremated decedent’s remains on March 4, 2019.   

On their summary judgment motions, defendants made out their prima facie 

burden of showing that Ms. Taddeo was the decedent’s domestic partner, which gave 

her priority over his adult children to control the disposition of the decedent’s remains 

under Public Health Law § 4201(2)(a) (see generally Turner v Owens Funeral Home, 

Inc., 140 AD3d 632, 634 [1st Dept 2016]; Mack v Brown, 82 AD3d 133, 138-139 [2d 

Dept 2011]). “Domestic partner” is defined as a person who, with respect to another 

person:  

“is dependent or mutually interdependent on the other person for support, as 
evidenced by the totality of the circumstances indicating a mutual intent to be 
domestic partners including but not limited to: common ownership or joint 
leasing of real or personal property; common householding, shared income or 
shared expenses; children in common; signs of intent to marry or become 
domestic partners under subparagraph (i) or (ii) of this paragraph; or the length 
of the personal relationship of the persons” (Public Health Law § 4201[1][c][iii]).  

Here, the evidence submitted shows that Ms. Taddeo and the decedent were in a 

romantic relationship for more than 20 years, that they have two children together, that 

they previously lived together, and that she represented herself to be the decedent’s wife 

or domestic partner up until the time of his cremation. The uncontradicted evidence 

also shows that Ms. Taddeo was named as the decedent’s spouse in his hospital records 

and as his wife in Parkview’s records. Ms. Taddeo remained involved in the decedent’s 

life after he was admitted to Parkview, she was at the hospital when the decedent died 

and notified his family, and she knew and supplied to Ackerman’s the decedent’s 

personal information. Ms. Taddeo readily took on the burden of arranging for the 

disposition of the decedent’s remains after he died, and she paid for the cremation. It is 

immaterial that Ms. Taddeo and the decedent did not live together at the time of the 

3 

 
 
decedent’s death, as the record reflects that the decedent was living at Parkview because 

he was ill.  The totality of these undisputed circumstances show that Ms. Taddeo was the 

decedent’s domestic partner with priority to control the disposition of his remains.  

In opposition, plaintiffs failed to raise a material issue of fact.  They did not 

dispute any of the above evidence, but instead solely rely on their own self-serving 

testimony that Ms. Taddeo and the decedent ended their romantic relationship prior to 

the decedent’s death. Even considering that testimony, the totality of the circumstances 

nevertheless shows that Ms. Taddeo and the decedent were domestic partners for 

purposes of her right to dispose of his remains. Plaintiffs therefore may not maintain 

their claim for violation of the right of sepulcher. 

All cross-claims asserted by defendants are dismissed in the absence of any 

underlying liability to plaintiffs (see Canty v 133 E. 79th St., LLC, 167 AD3d 548, 549 

[1st Dept 2018]).  

The Decision and Order of this Court entered herein on 
September 18, 2025 is hereby recalled and vacated (see M-
5593 decided simultaneously herewith). 

THIS CONSTITUTES THE DECISION AND ORDER 
OF THE SUPREME COURT, APPELLATE DIVISION, FIRST DEPARTMENT. 

ENTERED: March 3, 2026 

4 

 
 
 
 
 
 
 
 
 
 
 
 
 
 
 
 
 
 
 
 
 
 
 
 
 
 
 
"
2019-3112,,2026-03-03,"Appellate Division, First Department",affirmed,"Webber, J.; Shulman, J.; Higgitt, J.; Rosado, J.; Hagler, J.",Anders; California,,52 ad2d 833,"Supreme Court of the State of New York 
Appellate Division, First Judicial Department 

Webber, J.P., Shulman, Higgitt, Rosado, Hagler, JJ. 

5985 

THE PEOPLE OF THE STATE OF NEW YORK,   

       Respondent,  

Ind. Nos. 1505/17 
                  1665/17 

                                                                                                                 Dkt. No. 027529/17 
Case No. 2019-3112 

-against-  

BRIAN ZWINGMAN, 

Defendant-Appellant. 

The Legal Aid Society, New York (Harold V. Ferguson, Jr. of counsel), for appellant. 

Judgment, Supreme Court, Bronx County (Marsha Michael, J.), rendered 

February 05, 2019, unanimously affirmed. 

Application by defendant's counsel to withdraw as counsel is granted (see Anders 

v California, 386 US 738 [1967]; People v Saunders, 52 AD2d 833 [1st Dept 1976]).  We 

have reviewed this record and agree with defendant's assigned counsel that there are no 

non-frivolous points which could be raised on this appeal. 

Pursuant to Criminal Procedure Law § 460.20, defendant may apply for leave to 

appeal to the Court of Appeals by making application to the Chief Judge of that Court 

and by submitting such application to the Clerk of that Court or to a Justice of the 

Appellate Division of the Supreme Court of this Department on reasonable notice to the 

respondent within thirty (30) days after service of a copy of this order. 

Denial of the application for permission to appeal by the judge or justice first  

 
 
 
 
 
 
 
 
 
 
 
 
 
 
 
 
 
  
 
 
 
 
 
 
 
 
 
 
 
 
 
 
 
 
 
applied to is final and no new application may thereafter be made to any other judge or 

justice. 

THIS CONSTITUTES THE DECISION AND ORDER 
OF THE SUPREME COURT, APPELLATE DIVISION, FIRST DEPARTMENT. 

ENTERED: March 3, 2026 

 
 
 
 
 
 
 
 
 
 
 
 
 
 
 
"
2025-02303,,2026-03-05,"Appellate Division, First Department",affirmed,"Moulton, J.; Pitt-burke, J.; Michael, J.; Chan, J.",,,149 ad3d 32; 121 ad3d 502; 159 ad3d 500; 217 ad3d 485; 178 ad3d 610; 222 ad3d 565,"Supreme Court of the State of New York 
Appellate Division, First Judicial Department 

Moulton, J.P., Pitt-Burke, O'Neill Levy, Michael, Chan, JJ. 

5998- 
5998A 

In the Matter of S.F.B., And Another, 

Dkt. Nos. NN-25160-61/24  
Case No.  2025-02303  

Children Under Eighteen Years of Age, etc., 

F.F., 

Respondent-Appellant, 

ADMINISTRATION FOR CHILDREN’S SERVICES, 

Petitioner-Respondent. 

Steven N. Feinman, White Plains, for appellant. 

Muriel Goode-Trufant, Corporation Counsel, New York (Amanda Abata of counsel), for 
respondent. 

Dawne A. Mitchell, The Legal Aid Society, New York (Polixene Petrakopoulos of 
counsel), attorney for the children.  

Order of disposition, Family Court, Bronx County (David J. Kaplan, J.), entered 

on or about March 24, 2025, to the extent it brings up for review a fact-finding order, 

same court and Judge, entered on or about March 12, 2025, which found, after a 

hearing, that respondent neglected the subject children, unanimously affirmed, without 

costs. Appeal from fact-finding order, unanimously dismissed, without costs, as 

subsumed in the appeal from the order of disposition. 

A preponderance of the evidence supports the finding that respondent neglected 

the subject children and failed to provide them with adequate supervision and 

guardianship by reason of her untreated mental illness, which placed the children’s 

“physical, mental, and emotional condition at imminent risk of becoming impaired” 

 
 
 
 
 
 
 
 
 
 
 
 
(Matter of Jacob L. [Chasitiy P.], 121 AD3d 502, 502 [1st Dept 2014]; see Family Ct Act 

§§ 1046[b][i]; 1012[f][i][B]; see also Matter of Ariel A.T.R. [Timothy R.], 222 AD3d 565, 

566 [1st Dept 2023]; Matter of Ruth Joanna O.O. [Melissa O.], 149 AD3d 32, 39 [1st 

Dept 2017], affd 30 NY3d 985 [2017]). The evidence showed that respondent suffers 

from paranoia and bipolar disorder that interferes with her ability to care for the subject 

children, who were aged two and under one year old at the time the petition was filed 

and totally dependent upon respondent. Family Court could credit the testimony of the 

ACS caseworker regarding respondent’s lack of insight into her own mental health. 

Respondent’s testimony at the Family Court Act § 1028 and fact-finding hearings was 

sometimes rambling and incoherent and confirmed her failure to understand  why the 

children were removed from her care.  

Although it appeared the children’s basic needs were being met while in 

respondent’s care, evidence of actual injury is not required to enter a finding of neglect 

where there is sufficient evidence that respondent’s illness interferes with her ability to 

care for the children, placing them at imminent risk of harm (see Matter of N.A.S. 

[V.H.], 217 AD3d 485, 486 [1st Dept 2023]; Matter of Yamailiz G. [Yamara R.], 178 

AD3d 610, 610-611 [1st Dept 2019]; Matter of Jayden S. [Shalea S.], 159 AD3d 500, 501 

[1st Dept 2018], lv denied 31 NY3d 908 [2018]). Nor was the lack of medical records 

demonstrating a definitive diagnosis required, given the other evidence supporting a 

neglect finding (see Matter of Ariel A.T.R., 222 AD3d at 566). 

2 

 
 
 
 
 
We have considered respondent’s remaining contentions and find them unavailing.    

THIS CONSTITUTES THE DECISION AND ORDER 
OF THE SUPREME COURT, APPELLATE DIVISION, FIRST DEPARTMENT. 

ENTERED: March 5, 2026 

3 

 
 
 
 
 
 
 
 
 
 
 
 
 
 
 
 
 
  
 
 
 
"
2024-06495,,2026-03-05,"Appellate Division, First Department",affirmed,"Moulton, J.; Pitt-burke, J.; Michael, J.; Chan, J.","Blue Wolf Capital Fund II, L.P; American Stevedoring, Inc",,264 ad2d 625; 105 ad3d 178; 162 ad3d 593; 134 ad3d 468,"Supreme Court of the State of New York 
Appellate Division, First Judicial Department 

Moulton, J.P., Pitt-Burke, O'Neill Levy, Michael, Chan, JJ. 

6003 

27-21 27TH STREET SPONSORS, LLC, 
Plaintiff-Appellant, 

Index No. 652475/23   
Case No.   2024-06495  

-against- 

JANOS KANTA, et al., 

Defendants-Respondents. 

Law Office of Alexander Sakin, LLC, New York (Alexander Sakin of counsel), for 
appellant. 

Law Office of David Sorokoff LLC, New York (David Sorokoff of counsel), for Kenneth 
Tolley, respondent. 

Order, Supreme Court, New York County (Louis L. Nock, J.), entered on or about 

September 17, 2024, which granted defendant Kenneth Tolley’s motion pursuant to 

CPLR 3211(a)(1) and (7) to dismiss against him plaintiff’s first cause of action for a 

declaratory judgment declaring plaintiff to be a member of defendant KST2 Properties 

LLC, its fourth cause of action for breach of the operating agreement, its sixth cause of 

action for breach of Tolley’s guarantee, and its eleventh cause of action for unjust 

enrichment, unanimously affirmed, with costs.  

The motion court properly dismissed the first and fourth claims for declaratory 

relief and breach of the operating agreement against Tolley individually. First, Tolley 

was not properly named in the cause of action for a declaration that plaintiff is a 

member of KST2 because “[a] member of a limited liability company is not a proper 

party to proceedings by or against a limited liability company, except where the object is 

 
 
 
 
 
 
 
 
 
 
to enforce a member’s right against or liability to the limited liability company” (see 

Limited Liability Company Law § 610). Tolley’s ability to provide evidence supporting 

the claim does not justify making him a defendant with respect to that particular claim, 

since plaintiff can still obtain discovery from him regardless of that status.  

Plaintiff’s attempt to hold Tolley personally liable for KST2’s acts is unavailing 

because “[n]either a member of a limited liability company, a manager of a limited 

liability company managed by a manager or managers nor an agent of a limited liability 

company . . . is liable for any debts, obligations or liabilities of the limited liability 

company or each other” (Limited Liability Company Law § 609[a]). Moreover, nothing 

in the operating agreement suggests that Tolley intended to be personally liable for 

KST2’s acts. As the motion court correctly found, section 2.1 of KST2’s operating 

agreement expressly disclaims the liability of members “for any debt, losses or 

obligations” of KST2, consistent with Limited Liability Company Law § 609(a), except to 

the extent of their individual capital contribution. This language negates any inference 

of liability arising from Tolley’s having signed the operating agreement in his individual 

capacity for anything other than a claim related to his capital contribution, warranting 

dismissal of the fourth cause of action as against him.  

The motion court properly found that because the promissory note was civilly 

and criminally usurious on its face, it, and by extension Tolley’s guarantee, were void ab 

initio (see Blue Wolf Capital Fund II, L.P. v American Stevedoring, Inc., 105 AD3d 178, 

183 [1st Dept 2013]). Although corporations and their guarantors may not raise the 

defense of civil usury, that prohibition does not apply to criminal usury (see General 

Obligations Law § 5-521[1], [3]). Plaintiff’s convertible promissory note in the principal 

amount of $850,000 states that it accrues interest over the one-year term at “the 

2 

 
highest rate permissible by law per annum, accruing monthly in a separate capital 

account created by the Lender, and payable during the term in a maximum capped 

payment of . . . $306,000.00,” whether styled as “a partial loan, debt, equity, interest, 

Convertible Promissory Note or otherwise. . .”.  The note further provides that plaintiff 

may convert any portion of the outstanding principal on the note to a preferred equity 

investment upon notice to KST2.  

The court correctly determined that the $306,000 maximum return reflected an 

interest rate of 36%, well above the civil and criminal usury rates of 16% and 25%, 

respectively (General Obligations Law § 5-501[2]; Banking Law § 14-a[1]; Penal Law § 

190.40). Based on the language in the note,  the court properly rejected plaintiff’s 

contention that the note was enforceable because the $306,000 was intended to be a 

return on a preferred equity investment rather than interest, as the conversion to an 

equity interest would not preclude the application of the usury laws (see Adar Bays, LLC 

v GeneSYS ID, Inc., 37 NY3d 320, 337 [2021]). The court also properly found that a 

usurious interest rate cannot be salvaged by language providing that the intent is to 

collect the highest legal maximum interest rate (see Bakhash v Winston, 134 AD3d 468, 

469 [1st Dept 2015]). Because an instrument seeking a criminally usurious interest rate 

is void, the guarantee is, too (Blue Wolf Capital Fund, 105 AD3d at 184).  

Although plaintiff urges that it was KST2’s managing member and personnel who 

drafted the note, a note with a usurious interest rate is void, irrespective of which party 

drafted it (see Bakhash, 134 AD3d at 469). This Court has recognized a limited 

exception to this rule where “[a] borrower, who, because of a fiduciary or other like 

relationship of trust with the lender, is under a duty to speak and . . . fails to disclose the 

illegality of the rate of interest he proposes” (Pemper v Reifer, 264 AD2d 625, 626 [1st 

3 

 
Dept 1999]). However, plaintiff has failed to plead facts sufficient for this exception to 

apply, as the usurious note was not signed by Tolley, and there are no allegations that he 

participated in its drafting or proposed the interest rate (id.). 

Finally, the motion court properly dismissed the unjust enrichment claim as 

precluded by the parties’ written agreements (see e.g. Clark-Fitzpatrick, Inc. v Long Is. 

R. R. Co., 70 NY2d 382, 388 [1987]). While plaintiff maintains it should be permitted to 

plead unjust enrichment in the alternative, this Court has found that an equitable claim 

is not available to resuscitate an agreement found to be void based on criminal usury 

(see Blue Wolf Capital, 105 AD3d at 184; see also Sorenson v Winston & Strawn, LLP, 

162 AD3d 593, 593 [1st Dept 2018]). 

THIS CONSTITUTES THE DECISION AND ORDER 
OF THE SUPREME COURT, APPELLATE DIVISION, FIRST DEPARTMENT. 

ENTERED: March 5, 2026 

4 

 
 
 
 
 
 
 
 
 
 
 
 
 
 
 
 
 
 
  
 
"
2025-00669,,2026-03-03,"Appellate Division, First Department",affirmed,"Webber, J.; Shulman, J.; Higgitt, J.; Rosado, J.; Hagler, J.","Matter of Pizzarotti, LLC; New York Concrete Washout Sys., Inc",2024 ny slip op 51734,225 ad3d 425; 210 ad3d 445; 215 ad3d 480; 223 ad3d 588; 291 ad2d 201; 148 ad3d 476; 92 ad3d 492,"Supreme Court of the State of New York 
Appellate Division, First Judicial Department 

Webber, J.P., Shulman, Higgitt, Rosado, Hagler, JJ. 

5983 

JDS CONSTRUCTION GROUP LLC, et al., 
Plaintiffs-Respondents, 

Index No. 656912/20 
Case No. 2025-00669 

-against- 

COPPER SERVICES, LLC, 

Defendant-Appellant, 

TALISMAN CASUALTY INSURANCE  
COMPANY, LLC, et al., 

Defendants.                

Sitaras & Associates PLLC, New York (George Sitaras of counsel), for appellant. 

Cohen Ziffer Frenchman & McKenna LLP, New York (Andrew N. Bourne of counsel), for 
respondents. 

Order, Supreme Court, New York County (Andrew Borrok, J.), entered on or 

about December 24, 2024, which, insofar as appealed from, granted the motion of 

plaintiff/counterclaim defendant-respondent JDS Construction Group LLC and 

additional counterclaim defendants-respondents 111 West 57th Property Owner LLC, 111 

Construction Manager LLC, Michael Stern, and Kevin Maloney motion to dismiss, 

pursuant to CPLR 3211(a)(5) and (7), the counterclaims of defendant/counterclaim 

plaintiff-appellant Copper Services LLC to the extent of dismissing the second 

counterclaim for quantum meruit, third counterclaim for unjust enrichment, fifth 

counterclaim for foreclosure of mechanic’s liens, sixth counterclaim for trust fund 

diversion, and seventh counterclaim for accounting of trust funds; ordered that Copper, 

 
 
 
 
 
 
 
 
 
 
 
 
in prosecuting its first cause of action for breach of contract, is precluded from litigating 

a “concurrent delay” defense to JDS’s claims; and denied Copper’s motion to amend its 

counterclaims to add allegations and assert breach of fiduciary duty and of aiding and 

abetting breach of fiduciary duty against Stern and Maloney, unanimously modified, on 

the law, to the extent of reinstating the trust fund diversion and trust accounting 

counterclaims and granting the motion to amend, and otherwise affirmed, without 

costs. 

The motion court correctly dismissed Copper’s June 2024 mechanic’s lien 

foreclosure counterclaim as time-barred under Lien Law § 17. The mechanic’s liens, filed 

in September 2020 and extended as of right through September 7, 2022, were 

invalidated by the court’s October 2021 order finding that Copper had defaulted in this 

action. The court correctly found that, even after this Court vacated the default, Copper 

could no longer bring a claim to foreclose on the expired liens since it had not filed 

either a lien extension or foreclosure motion on the voided liens, and had not brought its 

otherwise timely motion to vacate the default until after the September 7, 2022 date on 

which the liens would have expired in the ordinary course (see Matter of Pizzarotti, LLC 

v New York Concrete Washout Sys., Inc., 210 AD3d 445, 446 [1st Dept 2022]; North 

Stucco Constr., Inc. v USD 142 W 19 LLC, 84 Misc 3d 1250[A], 2024 NY Slip Op 51734 

[U] [Sup Ct, NY County 2024]). 

On a previous appeal, this Court found that “[i]n light of the undisputed failure of 

[Copper] to comply with a contractual requirement to provide timely notice of an 

alleged cause of its delay, which was a condition precedent to deeming the alleged cause 

to be a valid excuse for the delay, the court properly dismissed [the surety’s] affirmative 

defense of concurrent delays to Copper's work” (JDS Constr. Group LLC v Copper 

2 

 
Servs., LLC, 223 AD3d 588, 589 [1st Dept 2024]). This ruling is law of the case and 

precludes Copper from asserting the concurrent delay defense (see Carmona v 

Mathisson, 92 AD3d 492, 492-493 [1st Dept 2012]).  

In addition, the court correctly dismissed Copper’s quasi-contract counterclaims 

as duplicative of the breach of contract counterclaim (see e.g., Karsah Intl., Inc. v Jong 

Soo Kim, 225 AD3d 425, 426 [1st Dept 2024]; Eagle v Emigrant Sav. Bank, 148 AD3d 

476, 477 [1st Dept 2017]). Copper does not point to any issue as to the enforceability of 

the contract such that it should be permitted to plead quasi-contract claims as a form of 

alternative relief. 

However, the court erred in dismissing the Article 3-A trust fund diversion and 

related trust accounting claims on statute of limitations grounds. Respondents did not 

make a prima facie showing as to the accrual date of the applicable statute of 

limitations. To the extent respondents provided evidence of this fact, they did so only in 

an affidavit in support of the motion that was submitted by an attorney who did not 

have personal knowledge of the relevant facts and that was not supported by any 

relevant documentary evidence. Respondents’ submission, on reply, of an additional 

supporting affirmation from its principal, which was offered to remedy the deficient 

prima facie showing on this point, should have been disregarded by the court (see 

Tribbs v 326-338 E 100th LLC, 215 AD3d 480, 481 [1st Dept 2023]; Migdol v City of 

New York, 291 AD2d 201, 201 [1st Dept 2002]). In light of respondent’s failure to make 

the prima facie showing required for dismissal on this basis, we need not address 

whether such claims, which were otherwise adequately pleaded, are timely based on the 

relation-back doctrine. 

3 

 
Finally, the court should have granted Copper’s cross-motion to amend to add 

breach of fiduciary duty and aiding and abetting counterclaims against the individual 

defendants, as well to add more specific factual allegations to support its trust diversion 

claims. The proposed amendments were not palpably insufficient or prejudicial, and, as 

these proposed amendments relate to the trust diversion claims, there are, at least, 

material questions of fact as to the accrual date of the statute of limitations that preclude 

rejecting them, at this stage, based on a finding that they cannot be timely asserted. 

THIS CONSTITUTES THE DECISION AND ORDER 
OF THE SUPREME COURT, APPELLATE DIVISION, FIRST DEPARTMENT. 

ENTERED: March 3, 2026 

4 

 
 
 
 
 
 
 
 
 
 
 
 
 
 
 
 
 
 
 
 
"
2024-06827,,2026-03-03,"Appellate Division, First Department",affirmed,"Webber, J.; Shulman, J.; Higgitt, J.; Rosado, J.; Hagler, J.",,,91 ad3d 484; 160 ad3d 468; 227 ad3d 530; 222 ad3d 473; 139 ad3d 542; 156 ad3d 506; 135 ad3d 443; 157 ad3d 536; 160 ad3d 540; 99 ad3d 616,"Supreme Court of the State of New York 
Appellate Division, First Judicial Department 

Webber, J.P., Shulman, Higgitt, Rosado, Hagler, JJ. 

5976 
5976A 

In the Matter of AN.D., and Others, 

Children Under Eighteen Years of Age, etc., 

Dkt. No. NN-10336-38/21 
                NN-10340-42/21  
Case No. 2024-06827 

A. D., 

J. A., 

Respondent-Appellant, 

Respondent, 

ADMINISTRATION FOR CHILDREN’S SERVICES, 

Petitioner-Respondent. 

Steven P. Forbes, Huntington, for appellant. 

Muriel Goode-Trufant, Corporation Counsel, New York (Chase Henry Mechanick of 
counsel), for respondent. 

Dawne A. Mitchell, The Legal Aid Society, New York (Susan Clement of counsel), 
attorney for the children. 

 Order of disposition, Family Court, Bronx County (Gigi N. Parris, J.), entered on 

or about October 29, 2024, to the extent it brings up for review a fact-finding order, 

same court and Judge, entered on or about April 5, 2024, finding that respondent-father 

neglected the subject children, unanimously affirmed, without costs. Appeal from that 

portion of the order of disposition, placed the children in custody of the Commissioner 

of Social Services until the next permanency hearing, unanimously dismissed, without 

costs, as moot.  

 
 
 
 
 
 
 
 
 
 
 
 
 
Family Court did not err in sua sponte conforming the pleadings to the proof 

presented at the fact-finding hearing (see Family Ct Act § 1051[b]), as the record reflects 

that the father had a full and fair opportunity to address the amended allegations of 

educational neglect (see Matter of Ne-Ashia R. [Na-Ashia R.], 99 AD3d 616, 616 [1st 

Dept 2012]). The father’s counsel received the certified school records before the father 

completed his direct case.  

A preponderance of the evidence supports the educational neglect finding as to 

L.D, J.D, and An.D. (see Family Ct Act §§ 1012 [f][i][A]; 1046 [b][i]). L.D.’s certified 

school records demonstrate that the child was absent 34 days in the 2017-2018 school 

year, 61 days in the 2018-2019 school year, 17 days in the 2019-2020 school year, and 29 

days in the 2020-2021 school year. The child also had to repeat kindergarten in the 

2018-2019 school year and was “struggling greatly” (see Matter of Kyeley V. [Antoinette 

V.], 160 AD3d 468, 468 [1st Dept 2018]). J.D.’s certified school records demonstrate 

that the child was absent 38 days in the 2020-2021 school year and that the school sent 

the father a letter at least once every year between 2016 and 2021 regarding J.D.’s 

lagging academic performance (see Matter of Ashley S. [Rebecca S.-C.], 157 AD3d 536, 

537 [1st Dept 2018]). The father testified that he had failed to enroll An.D., who was 

over the age of six when the underlying petition was filed, in kindergarten and was 

therefore unable to register the child for first grade (see Matter of Angelos F. [Leonidas 

F.], 156 AD3d 506, 506 [1st Dept 2017]).  

The father’s educational neglect of L.D., J.D., and An.D. demonstrated a 

fundamental defect in his understanding of his parental duties, sufficient to support a 

finding of derivative neglect with respect to the three other school-aged children (see 

Matter of Ivania L.V. [Liz C.], 139 AD3d 542, 543 [1st Dept 2016]). 

2 

 
The finding that the father neglected the subject children is also supported by a 

preponderance of the evidence (see Family Ct Act §§ 1012 [f][i][A]; 1046 [b][i]). The 

evidence of unsanitary conditions in the home demonstrates that the father’s failure to 

provide a minimum degree of care threatened the children’s physical, mental, and 

emotional health (see Matter of Corine G. [William G.], 135 AD3d 443, 443 [1st Dept 

2016]). The certified medical records in evidence establish that, on October 1, 2021, L.D. 

suffered from genital pain, and the child’s genital region tested positive for dysuria. The 

medical records pertaining to Ad.D., Al.D., and An.D., show that those children had 

multiple lice nits in their hair. The records for An.D. further noted that the child 

complained of mouth pain, and the child’s physical examination was positive for mouth 

sores. 

J.D.’s out-of-court statement that the child was not going to school because the 

child lacked clean clothing or sneakers was corroborated by the ACS caseworker’s 

observation that, while inspecting the father’s home on October 1, 2021, she and her 

coworker were unable to find any clean clothing for the children to wear, and some of 

the children “had bad body odor” (see Matter of Cerenity F. [Jennifer W.], 160 AD3d 

540, 541 [1st Dept 2018]). 

The appeal from the dispositional order, insofar as it directed that the children be 

placed in the custody of the Commissioner of Social Services until the next permanency 

hearing, is dismissed as moot because its placement terms have expired (see Matter of 

Adena I. [Claude I.], 91 AD3d 484, 484 [2012]). Were we to consider the merits of the 

father’s appeal, we would find that the evidence established that the children’s 

continued placement in foster care until the next permanency hearing was in their best 

3 

 
  
  
  
interest (see Matter of T.R. [Jaquasia G.], 227 AD3d 530, 530 [1st Dept 2024]; Matter 

of Romeo C. [Perla P.], 222 AD3d 473, 474 [1st Dept 2023]). 

THIS CONSTITUTES THE DECISION AND ORDER 
OF THE SUPREME COURT, APPELLATE DIVISION, FIRST DEPARTMENT. 

ENTERED: March 3, 2026 

4 

 
 
 
 
 
 
 
 
 
 
 
 
 
 
 
 
 
 
 
 
 
 
"
2025-05704,,2026-03-03,"Appellate Division, First Department",affirmed,"Webber, J.; Shulman, J.; Higgitt, J.; Rosado, J.; Hagler, J.",Linares; City of New York,,240 ad3d 446; 233 ad3d 479; 243 ad3d 504,"Supreme Court of the State of New York 
Appellate Division, First Judicial Department 

Webber, J.P., Shulman, Higgitt, Rosado, Hagler, JJ. 

5975 

ARTURO ARITA, 

Plaintiff-Respondent, 

Index No. 22999/19 
Case No. 2025-05704 

-against- 

FDS ASSOCIATES, LLC, 

Defendant-Respondent. 
________ 

FDS ASSOCIATES, LLC, 

Third-Party Plaintiff-Respondent, 

-against- 

THE CITY OF NEW YORK, 

Third-Party Defendant-Appellant. 

Resnick & Louis, P.C., Tarrytown (Kelly C. Griffin-Fromm of counsel), for appellant. 

Gorayeb & Associates, P.C., New York (Jonathan D. Moran of counsel), for Arturo Arita, 
respondent 

Order, Supreme Court, Bronx County (Myrna Socorro, J.), entered on or about 

August 12, 2025, which denied third-party defendant The City of New York’s motion for 

leave to amend its answer, strike the note of issue for the purposes of conducting further 

discovery, and to stay the then pending summary judgment motions, unanimously 

modified, on the law, to grant the motion to the extent of permitting further limited 

discovery in accordance with this order, and otherwise affirmed, without costs.   

 
 
 
 
 
 
 
 
 
 
 
 
 
 
The motion court properly denied the City leave to amend its answer to add the 

affirmative defenses of fraud and fraud on the court based on a RICO complaint filed in 

federal court naming plaintiff’s attorneys and some of his medical providers as 

defendants (see Linares v City of New York, 233 AD3d 479, 480 [1st Dept 2024]). 

However, the court should have granted the City’s motion to the extent it sought 

further discovery from plaintiff (see Franco v 800 E 173 LLC, 240 AD3d 446 [1st Dept 

2025]; Lituma v Liberty Coca-Cola Beverages LLC, 243 AD3d 504, 505 [1st Dept 

2025]). The City should be permitted to conduct further limited discovery in the form of 

a deposition of plaintiff, constrained to what knowledge he had, if any, of the facts 

underlying allegations in the RICO action brought against his attorneys and medical 

providers, and discovery of any documents the City may learn about during that 

deposition. This limited discovery, however, can be conducted while the case remains on 

the calendar trial (see 22 NYCRR 202.21[d]).  

The City’s request for a stay of plaintiff’s summary judgment motion is moot, as a 

decision has been rendered on that motion.       

THIS CONSTITUTES THE DECISION AND ORDER 
OF THE SUPREME COURT, APPELLATE DIVISION, FIRST DEPARTMENT. 

ENTERED: March 3, 2026 

2 

 
 
 
 
 
 
 
 
 
 
 
 
 
 
 
 
 
 
 
 
 
 
"
2024-06874,,2026-03-03,"Appellate Division, First Department",affirmed,"Webber, J.; Shulman, J.; Higgitt, J.; Rosado, J.; Hagler, J.",Van Dyke; U.S. Bank,2025 ny slip op 06537; 2025 ny slip op 06536,233 ad3d 529; 208 ad2d 892,"Supreme Court of the State of New York 
Appellate Division, First Judicial Department 

Webber, J.P., Shulman, Higgitt, Rosado, Hagler, JJ. 

5991 

U.S. BANK, NATIONAL ASSOCIATION, 
Plaintiff-Appellant, 

Index No. 32441/17  
Case No. 2024-06874  

-against- 

KIRSTEN GORDON et al., 

Defendants-Respondents, 

BRONX SUPREME COURT et al., 

Defendants. 

McCalla Raymer Leibert Pierce, LLP, New York (Harold L. Kofman of counsel), for 
appellant. 

Law office of Earl M. Williams, Mount Vernon (Earl M. Williams of counsel), for 
respondents.  

Order, Supreme Court, Bronx County (Naita A. Semaj, J.), entered on or about 

October 8, 2024, which, to the extent appealed from as limited by the briefs, granted 

defendants Kirsten Gordon and Horace Gordon’s motion to dismiss and to vacate the 

judgment of foreclosure and sale, unanimously affirmed, with costs. 

Supreme Court correctly dismissed the action on the basis that it was barred by 

the applicable statute of limitations. On April 21, 2011, plaintiff’s predecessor in interest, 

Aurora Loan Services, LLC, (Aurora) brought an action to foreclose upon the Gordons’ 

mortgage. The complaint included a statement declaring that Aurora elected “to call due 

the entire amount secured by the mortgage.” On January 15, 2016, the court granted 

Aurora’s motion to discontinue. On August 4, 2016, nonparty Nationstar Mortgage LLC, 

 
 
 
 
 
 
 
 
 
 
 
which had by then been assigned the loan and for purposes of this appeal is assumed to 

have been the loan servicer for plaintiff, sent a letter to Horace Gordon deaccelerating 

the loan. Contrary to plaintiff’s contention otherwise, this letter could not have had the 

effect of resetting or otherwise affecting the statute of limitations (see CPLR 203[h]).  

We reject plaintiff’s due process challenge to CPLR 203(h). The statute does not 

violate substantive due process, as the Foreclosure Abuse Prevention Act (FAPA) (L 

2022, ch 821), and CPLR 203(h) in particular, has a legitimate purpose and its 

retroactive application rationally advances those purposes (see Van Dyke v U.S. Bank, 

N.A., — NY3d —, 2025 NY Slip Op 06537, *6 [2025]). In addition, the legislation does 

not “take[] away or impair[] vested rights . . . in respect to transactions or 

considerations already past” (id. at *5, quoting Landgraf v USI Film Products, 511 US 

244, 269 [1994]).  

Although the right to deaccelerate a loan has long been recognized (see Kilpatrick 

v Germania Life Ins. Co., 183 NY 163, 168 [1905]; Federal Natl. Mtge. Assn. v Mebane, 

208 AD2d 892, 894 [2d Dept 1994]), that right has always been conditioned on whether 

the borrower has changed its position based on the lender’s election to accelerate (see 

Kilpatrick at 168; Mebane at 894). Therefore this right does not constitute a vested right 

(see Article 13 LLC v Ponce De Leon Fed. Bank, — NY3d —, 2025 NY Slip Op 06536, *5 

[2025]).  

In addition, even if plaintiff’s right to deaccelerate was a “protectible interest” 

that was impaired by CPLR 203(h), the legislature’s rationale for the statute’s 

retroactive application was sufficiently persuasive to be capable of impairing that 

interest (Article 13 LLC, — NY3d at —,  2025 NY Slip Op 06536, *7). The enactment and 

retroactive application of CPLR 203(h) also comported with procedural due process, 

2 

 
notwithstanding the absence of any grace period (Van Dyke, 2025 NY Slip Op 06537, 

*7). 

Plaintiff’s challenge based on the Contracts Clause of the United States 

Constitution is also unavailing. First, plaintiff did not have an automatic contractual 

right to deaccelerate its mortgage, as defendants could have unilaterally rendered the 

acceleration irrevocable (see Kilpatrick, 183 NY at 168). Second, the legislature “sensibly 

tailored” the relevant provisions of FAPA to the specific litigation practices sought to be 

curbed. This tailoring of the legislation, along with “the strong public policy favoring 

finality, predictability, fairness and repose” and the “highly regulated landscape of 

foreclosure litigation,” were sufficient to overcome plaintiff’s contractual right to 

deaccelerate the loan, to the extent that the right existed (Van Dyke, 2025 NY Slip Op 

06537, *8 [internal quotation marks omitted]). 

Plaintiff’s Takings Clause challenge is similarly unavailing. First, it was the six-

year statute of limitations, and not FAPA itself, that extinguished plaintiff’s interest in 

its mortgage (id.  at *5). Thus, to the extent that FAPA took anything, it was not the 

mortgage itself, but the right to deaccelerate the loan. Second, FAPA did not effect a 

“regulatory” taking because it did not “permanently deprive [the] plaintiff’s mortgage of 

all value” (Bank of N.Y. Mellon v Del Rio, 233 AD3d 529, 532 [1st Dept 2024]). Indeed,  

3 

 
 
 
FAPA did not alter the terms of the mortgage itself (cf. Louisville Joint Stock Land Bank 

v Radford, 295 US 555, 581-582 [1935]). 

THIS CONSTITUTES THE DECISION AND ORDER 
OF THE SUPREME COURT, APPELLATE DIVISION, FIRST DEPARTMENT. 

ENTERED: March 3, 2026 

4 

 
 
 
 
 
 
 
 
 
 
 
 
 
 
 
 
 
 
 
"
2024-07336,,2026-03-05,"Appellate Division, First Department",affirmed,"Moulton, J.; Pitt-burke, J.; Michael, J.; Chan, J.","Definition MRI, P.C; Mapfre Ins. Co. of N.Y",,127 ad3d 419; 148 ad3d 470; 106 ad3d 645; 116 ad3d 544,"Supreme Court of the State of New York 
Appellate Division, First Judicial Department 

Moulton, J.P., Pitt-Burke, O'Neill Levy, Michael, Chan, JJ. 

6011- 
6012 

BRINIA ROJAS DE CASTRO, 

Plaintiff-Respondent, 

Index No. 21271/20  
Case Nos. 2024-07336 
  2025-04564  

-against- 

WEST FARMS APARTMENTS LLC et al., 
Defendants-Appellants. 
_______ 

WEST FARMS APARTMENTS LLC et al., 

Third-Party Plaintiffs-Appellants, 

-against- 

JOY CONSTRUCTION CORPORATION, 

Third-Party Defendant-Respondent. 

_______ 

WEST FARMS APARTMENTS LLC et al., 
Second Third-Party Plaintiffs-
Appellants, 

-against- 

CHUTES AND COMPACTORS OF NEW YORK, INC. 
doing business as CHUTES ENTERPRISES, 

Second Third-Party Defendant-
Respondent. 

Gallo Vitucci Klar LLP, New York (Andrew M. Lauri of counsel), for appellants. 

Adam D. Polo PC, New York (Ronny Solomon of counsel), for Brinia Rojas De Castro, 
respondent.  

Mauro Lilling NaParty LLP, Woodbury (Melissa A. Danowski of counsel), for Joy 
Construction Corporation, respondent. 

 
 
 
 
 
 
 
 
 
 
 
 
 
 
 
 
Ahmuty, Demers & McManus, New York (Frank J. Wenick of counsel), for Chutes and 
Compactors of New York, Inc., respondent. 

Order, Supreme Court, Bronx County (Elizabeth A. Taylor, J.), entered November 

6, 2024, which granted third-party defendant Joy Construction Corporation’s motion 

pursuant to CPLR 407 and 603 to sever the third-party action against it and granted 

plaintiff’s motion pursuant to CPLR 603 to sever the same third-party action, 

unanimously affirmed, without costs. Order, same court and Justice, entered on or 

about July 14, 2025, which denied the motion of defendants West Farms Apartments 

LLC and The Wavecrest Management Team Ltd. (collectively, West Farms) for leave to 

renew and reargue the motions of Joy Construction and plaintiff to sever the third-party 

action, granted the motion of second third-party defendant Chutes and Compactors of 

New York, Inc. d/b/a Chutes Enterprises pursuant to CPLR 407 and 603 to sever the 

second third-party action commenced against it, and reinstated the note of issue filed on 

July 26, 2022, unanimously affirmed, without costs 

The court effectively granted West Farms’ motion for leave to reargue when it 

considered the merits of the motion, and thus, it is reviewable on appeal (see High 

Definition MRI, P.C. v Mapfre Ins. Co. of N.Y., 148 AD3d 470, 471 [1st Dept 2017]). In 

support of its motion for leave to renew, West Farms submitted new evidence (see CPLR 

2221[e][2]) –  namely a July 22, 2024 order from Justice Raymond P. Fernandez 

vacating the note of issue in the main action and an October 30, 2024 order, same court 

and Justice, denying plaintiff’s motion to reargue  –  orders that were not available in 

2023 when West Farms opposed Joy Construction’s and plaintiff’s severance motions. 

2 

 
 
 
 
Upon renewal and reargument, Supreme Court properly adhered to its prior order 

granting Joy Construction’s and plaintiff’s severance motions.  

In this personal injury action allegedly caused by a faulty garbage chute door 

falling and injuring plaintiff’s foot, severance of the two third-party actions against Joy 

Construction, the general contractor, and Chutes Enterprises, the garbage chute door 

manufacturer, for breach of contract, contribution, and common-law and contractual 

indemnification was a proper exercise of discretion. West Farms failed to provide a 

reasonable justification for its delay in commencing both actions after plaintiff filed the 

note of issue on July 26, 2022 (see CPLR 407, 603, 1010; see generally Marbilla, LLC v 

143/145 Lexington LLC, 116 AD3d 544, 544 [1st Dept 2014]). West Farms retained Joy 

Construction to construct the building two years before the incident and thus were 

aware of Joy Construction’s identity and role on the construction project (see Admiral 

Indem. Co. v Popular Plumbing & Heating Corp., 127 AD3d 419, 419 [1st Dept 2015]). 

West Farms should have discovered the identity and involvement of Chutes Enterprises 

shortly after the accident as the accident was reported to them, and the alleged faulty 

door identified Chutes Enterprises as the manufacturer. 

Given that the note of issue in the main action was filed on July 26, 2022, 

plaintiff would suffer undue delay and prejudice should she have to wait for discovery to 

be completed in the third-party actions (see Torres v Visto Realty Corp., 106 AD3d 645, 

645 [1st Dept 2013]), which raise distinct legal issues from the underlying personal 

injury and negligence claims (see Admiral Indem. Co., 127 AD3d at 419). Joy 

Construction and Chutes Enterprises would also suffer prejudice by not having a 

meaningful opportunity to conduct discovery or move for dispositive relief while the 

main action remained trial-ready (see id.).  

3 

 
 
We have considered West Farms’ remaining arguments and find them 

unavailing. 

THIS CONSTITUTES THE DECISION AND ORDER 
OF THE SUPREME COURT, APPELLATE DIVISION, FIRST DEPARTMENT. 

ENTERED: March 5, 2026   

4 

 
 
 
 
 
 
 
 
 
 
 
 
                                                                 
                                                                                                                  
"
2020-00298,,2026-03-05,"Appellate Division, First Department",affirmed,"Moulton, J.; Pitt-burke, J.; Michael, J.; Chan, J.",People; Gillotti,,127 ad3d 568; 122 ad3d 539,"Supreme Court of the State of New York 
Appellate Division, First Judicial Department 

Moulton, J.P., Pitt-Burke, O'Neill Levy, Michael, Chan, JJ. 

6002 

THE PEOPLE OF THE STATE OF NEW YORK, 

Respondent, 

-against- 

DAVID GONZALEZ, 

Defendant-Appellant. 

Ind. No.  2741/16  
Case No. 2020-00298  

Twyla Carter, The Legal Aid Society, New York (Robin Richardson of counsel), for 
appellant.  

Alvin L. Bragg, Jr., District Attorney, New York (Claire Lynch of counsel), for 
respondent. 

Order, Supreme Court, New York County (Maxwell Wiley, J.), entered on or 

about October 23, 2019, which adjudicated defendant a level three sex offender 

pursuant to the Sex Offender Registration Act (Correction Law art 6-C), unanimously 

affirmed, without costs. 

The court providently exercised its discretion in following the Board of 

Examiners of Sex Offenders’ strong recommendation for an upward departure based on 

clear and convincing evidence of aggravating factors that were not otherwise adequately 

taken into account by the risk assessment instrument (see People v Gillotti, 23 NY3d 

841, 861-862 [2014]). Even though defendant was assessed the maximum available 

points for his criminal history, this did not accurately reflect the extent and nature of 

that history, which included convictions for misdemeanor sex offenses and several 

violent felony convictions (see e.g. People v Collins, 127 AD3d 568, 568-569 [1st Dept 

 
 
 
 
 
 
 
 
 
 
 
 
2015], lv denied 26 NY3d 901 [2015]). In addition, at the time of the underlying offense, 

defendant had already been adjudicated a level two offender, which did not prevent the 

instant conduct, demonstrating his high risk of sexual recidivism, and outweighing the 

mitigating factors that he cites (see e.g. People v Faulkner, 122 AD3d 539, 539 [1st Dept 

2014], lv denied 24 NY3d 915 [2015]).  

THIS CONSTITUTES THE DECISION AND ORDER 
OF THE SUPREME COURT, APPELLATE DIVISION, FIRST DEPARTMENT. 

ENTERED: March 5, 2026 

2 

 
 
 
 
 
 
 
 
 
 
 
 
 
 
 
 
 
  
 
"
2025-00704,,2026-03-03,"Appellate Division, First Department",affirmed,"Webber, J.; Shulman, J.; Higgitt, J.; Rosado, J.; Hagler, J.",Pena; Intergate Manhattan LLC,,144 ad3d 407; 193 ad3d 415; 234 ad3d 618,"Supreme Court of the State of New York 
Appellate Division, First Judicial Department 

Webber, J.P., Shulman, Higgitt, Rosado, Hagler, JJ. 

5993 

LAM PEARL STREET HOTEL, LLC, et al., 
Plaintiffs-Respondents, 

Index No. 159507/21  
Case No. 2025-00704 

-against- 

ANTHONY T. RINALDI, LLC, et al., 

Defendants-Appellants, 

MAIN ELECTRICAL SERVICES, INC., 
             Defendant-Respondent. 

Milber Makris Plousadis & Seiden, LLP, Purchase (Todd S. Shaw of counsel), for 
appellants. 

Sheps Law Group, PC, Huntington (Robert C. Sheps of counsel), and Denenberg Tuffley 
PLLC, Southfield, MI (Erin J. Rodenhouse of the bar of the State of Michigan, admitted 
pro hac vice, of counsel), for Lam Pearl Street Hotel, LLC, Endurance American 
Insurance Company, as subrogee of Lam Pearl Street Hotel, LLC, and Real Hospitality 
Group, LLC, respondents. 

Wilson Elser Moskowitz Edelman & Dicker LLP, New York (Larry H. Lum of counsel), 
for Main Electrical Services, Inc., respondent. 

Order, Supreme Court, New York County (Mary V. Rosado, J.), entered on or 

about January 16, 2025, which, to the extent appealed from as limited by the briefs, 

granted the motion of defendants Anthony T. Rinaldi, LLC and the Rinaldi Group, LLC 

(Rinaldi defendants) for summary judgment on their contractual indemnification claim 

against defendant Main Electrical Services, Inc. conditioned on a finding of negligence 

against Main Electrical, unanimously modified, on the law, to the extent of making 

contractual indemnification conditioned on proof demonstrating that Main Electrical’s 

 
 
 
 
 
 
 
 
 
 
 
 
acts or omissions in the performance of its work contributed to the losses claimed, and 

otherwise affirmed, without costs. 

The right to contractual indemnification depends upon the specific language of 

the contract (Pena v Intergate Manhattan LLC, 234 AD3d 618 [1st Dept 2025]; Ging v 

F.J. Sciame Constr. Co., Inc., 193 AD3d 415, 417-418 [1st Dept 2021]). Here, defendant 

subcontractor Main Electrical agreed to indemnify the Rinaldi defendants, as the 

general contractor on the construction project, for any and all losses arising in 

connection with Main Electrical’s work, provided Main Electrical’s “acts or omissions” 

in the performance of such work “contributed to” such losses. Such indemnification 

obligation would be enforceable regardless of whether or not the losses were caused in 

part by an indemnitee. The indemnification provision did not contain a negligence 

trigger.     

It is uncontested that the property losses alleged by plaintiffs were caused in part, 

if not primarily attributable to, the actions and omissions of Main Electrical’s employees 

as they worked on the building’s fire sprinkler system. Main Electrical is obligated to 

indemnify the Rinaldi defendants for its acts or omissions that contributed to the 

property losses alleged, which is a lesser showing than if the indemnification language 

required “negligent acts or omissions.” To the extent the Rinaldi defendants have yet to 

establish that they are entirely free from negligence in the cause of any losses alleged,  

2 

 
 
 
 
conditional contractual indemnification is appropriate (see Antoniak v P.S. Marcato El. 

Co., Inc., 144 AD3d 407, 408 [1st Dept 2016]). 

THIS CONSTITUTES THE DECISION AND ORDER 
OF THE SUPREME COURT, APPELLATE DIVISION, FIRST DEPARTMENT. 

ENTERED: March 3, 2026 

3 

 
 
 
 
 
 
 
 
 
 
 
 
 
 
 
 
 
 
 
 
"
2025-05420,,2026-03-05,"Appellate Division, First Department",granted,,,,156 ad3d 44; 214 ad3d 153; 152 ad3d 129,"Supreme Court of the State of New York 
Appellate Division, First Judicial Department 

Present – Hon.   Tanya R. Kennedy, 
Barbara R. Kapnick 
Martin Shulman 
Margaret A. Chan 
Shlomo S. Hagler, 

Justice Presiding, 

Justices. 

                     ___________________ 

Motion No.  2025-04848 
2025-05420 
Case No. 

___________________ 

In the Matter of 
CHRISTOPHER SCOTT CARDILLO, 
an attorney and counselor-at-law: 

ATTORNEY GRIEVANCE COMMITTEE FOR THE 
FIRST JUDICIAL DEPARTMENT, 

Petitioner, 

CHRISTOPHER SCOTT CARDILLO 
(OCA Atty. Reg. No. 4058756), 

Respondent. 

Disciplinary proceedings instituted by the Attorney Grievance Committee for the 
First Judicial Department. Respondent, Christopher Scott Cardillo, was admitted 
to the Bar of the State of New York at a Term of the Appellate Division of the 
Supreme Court for the Second Judicial Department on September 18, 2002. 

Jorge Dopico, Chief Attorney,  
Attorney Grievance Committee, New York 
(Kevin P. Culley, of counsel), for petitioner. 

Respondent, pro se. 

 
 
 
 
 
 
 
 
 
 
 
 
 
 
 
 
 
 
 
 
Motion No. 2025-04848 

In the Matter of Christopher Scott Cardillo, an attorney 

PER CURIAM 

Respondent, Christopher S. Cardillo, was admitted to the practice of law in the 

State of New York by the Second Judicial Department on September 18, 2002, under the 

name Christopher Scott Cardillo. Respondent maintains a law office in the First Judicial 

Department. 

In September 2025, the Attorney Grievance Committee (AGC) moved, pursuant 

to the Rules for Attorney Disciplinary Matters (22 NYCRR) § 1240.9(a)(2) and (5), to 

immediately suspend respondent from the practice of law until further order of this 

Court, based on admission under oath to the commission of professional misconduct 

and uncontroverted evidence of professional misconduct, namely respondent’s 

conversion and/or misappropriation of funds entrusted to him. 

In May 2023, the AGC received a complaint from an individual (X.Z.) alleging 

that in connection with respondent’s representation of him in a federal criminal 

prosecution, respondent induced X.Z. to deposit X.Z.’s savings into respondent’s escrow 

account to protect the funds from being seized. X.Z. alleges that between December 26, 

2017 and April 10, 2018, X.Z. provided respondent with checks totaling $4,739,299.77 

which respondent deposited into respondent’s escrow account at TD Bank.  X.Z. alleges 

that despite repeated requests, respondent has failed to return the funds. In his answer 

to X.Z.’s complaint, respondent denied the allegation and asserted that his dealings with 

X.Z. arose from an “arms length transaction” unrelated to the practice of law. 

Respondent claims that X.Z. solicited respondent to invest X.Z.’s money in business 

ventures and the dispute between respondent and X.Z. is of a “civil nature.”  

2 

 
 
  
 
 
 
 
Pursuant to a judicial subpoena, the AGC obtained respondent’s bank records, 

which confirmed that between December 26, 2017 and April 18, 2018, X.Z. was issued 

several checks and by April 18, 2018, $4.7 million had been deposited into respondent’s 

escrow account. At an examination under oath (EUO), respondent testified about 

agreements governing the parties’ relationship, specifically the escrow and investment 

advisory agreements dated December 28, 2017.  On their face, the agreements 

authorized respondent to invest X.Z.’s funds at respondent’s sole discretion and 

provided that respondent would receive a fee equal to 10% of the total sum held in 

escrow.  Respondent claimed that despite the agreement being titled “Escrow 

Agreement,” “[t]here was no escrow agreement” and the funds were escrowed for the 

purpose of funding the business venture. 

Respondent also testified about a shareholders’ agreement and promissory note 

related to the formation of Car-Zang Management Corp. (Car-Zang).  Respondent 

testified that the shareholders’ agreement granted respondent 100% ownership in Car-

Zang and pursuant to the promissory note, both respondent and X.Z. contributed $2 

million each into Car-Zang. However, respondent acknowledged that respondent’s $2 

million investment came in the form of a loan from X.Z. Respondent testified further 

that X.Z.’s funds were used to fund a medical spa and restaurant. According to the AGC, 

the bank records failed to show any investments in Car-Zang or the medical spa and 

restaurant.  Of the $4.7 million received into respondent’s escrow account, $396,796.45 

was used to pay X.Z.’s mortgage, utilities, and personal expenses and the balance of 

$4,342,542.32 was disbursed to respondent personally or to unrelated third parties.  In 

addition, the AGC alleges that there were 16 debit withdrawals totaling over $3 million 

that remain unaccounted for.  

3 

 
 
In another matter, respondent represented A.C. in a personal injury action 

pursuant to a one-third contingency retainer, plus reimbursements of expenses.  On 

December 7, 2017, respondent deposited A.C.’s $15,000 settlement check into his 

escrow account, bringing the escrow balance to approximately $20,000. Between 

December 7, 2017 and December 26, 2017, before distributing any portion of the 

settlement proceeds to or on behalf of A.C., respondent made a series of seven transfers 

totaling $15,000 from the escrow account to his business account, reducing the escrow 

account balance to approximately $5,000.  Respondent then used the transferred 

settlement funds to make over 100 debit transactions, totaling $14,345.35.  Thereafter, 

respondent issued four checks from his escrow account to distribute A.C.’s settlement 

proceeds. However, because respondent had already transferred A.C.’s settlement funds 

out of his escrow account and into his business account where they were depleted, 

respondent replenished the $8,374.31 shortfall by using X.Z.’s funds, which by then, had 

been deposited into respondent’s escrow account. 

The AGC asserts that respondent misappropriated millions of dollars and 

attempted to conceal his actions through evasive and inconsistent explanations. With 

respect to X.Z., respondent argues that the documentary record proves that the funds 

were intended as business investments rather than escrowed client funds.  Respondent 

states that the parties had a business relationship which was governed by a series of 

contracts and that he did not deposit any monies in the escrow account for the benefit of 

X.Z. The AGC maintains that interim suspension is warranted because the documentary 

evidence overwhelmingly shows misappropriation of client funds.  Although respondent 

claims that X.Z. was merely an investor in a business venture, the AGC states that there 

is no documentary support that any of X.Z.’s funds were invested in Car-Zang, the 

4 

 
 
 
medical spa or restaurant, or that Car-Zang ever conducted business or maintained 

bank accounts or tax returns.  The AGC further contends that, even assuming the escrow 

and advisory agreements were valid, respondent would be entitled to no more than 10% 

in fees but that he withdrew nearly twice that amount for his own benefit. 

With respect to A.C., the AGC notes that respondent failed to address his transfer 

of A.C.’s settlement funds from his escrow account to his operation account from which 

the funds were nearly depleted without disbursement to or on behalf of A.C.  

Respondent also does not address his invasion of X.Z.’s funds to pay A.C. 

22 NYCRR 1240.9(a) provides for an interim suspension “upon a finding by the 

Court that the respondent has engaged in conduct immediately threatening the public 

interest. Such a finding may be based upon: ... (2) the respondent’s admission under 

oath to the commission of professional misconduct… or (5) other uncontroverted 

evidence of professional misconduct.” The AGC advances two independent bases for 

interim relief under this rule. First, it contends that respondent’s handling of 

approximately $4.7 million deposited by X.Z. constitutes conversion/misappropriation 

of client escrow funds. Second, it asserts that respondent converted client escrow funds 

belonging to A.C. by transferring them to his operating account, exhausting them, and 

later replacing them with funds belonging to X.Z. 

The parties dispute the legal and factual nature of X.Z.’s deposits. The AGC 

asserts that X.Z.’s funds were entrusted to respondent as client escrow funds. 

Respondent, by contrast, maintains that the deposits represented capital contributions 

toward business ventures and that use of the funds was governed by agreements signed 

by X.Z. Resolution of this dispute would require the Court to assess credibility, interpret 

the parties’ contracts, and make findings as to the nature and scope of the underlying 

5 

 
 
 
relationship. Such determinations are ordinarily reserved for disciplinary hearings and, 

in this matter, may also overlap with issues in the pending civil litigation between the 

parties. Accordingly, the X.Z. transactions do not presently constitute “uncontroverted 

evidence” of misconduct within the meaning of 22 NYCRR 1240.9(a)(5). Those issues 

will be more appropriately addressed after a full evidentiary record has been developed. 

However, the record is materially different with respect to respondent’s handling 

of settlement proceeds belonging to A.C. 

 The AGC’s submission, including bank statements and respondent’s own 

testimony, establishes that (1) A.C.’s settlement proceeds were deposited into 

respondent’s escrow account; (2) respondent thereafter improperly transferred all those 

funds into his business account; (3) the business account had a low balance, and the 

transferred escrow funds were used for personal and business expenditures unrelated to 

A.C.; and (4) when respondent later issued checks to and on behalf of A.C. to satisfy his 

share of the settlement, the funds used to make those payments were no longer 

traceable to the original settlement proceeds but instead derived from subsequent 

deposits to escrow made by X.Z. 

These facts are established through contemporaneous banking records and are 

not meaningfully disputed. They reflect both (a) the dissipation of client escrow funds 

and (b) the later replenishment of that shortfall using money belonging to another client 

or third party. This constitutes conversion and/or misappropriation of client funds and 

demonstrates respondent’s failure to safeguard entrusted property and to maintain 

required escrow records. 

Under long-standing precedent, such conduct satisfies 22 NYCRR 1240.9(a)(5) 

because it constitutes uncontroverted evidence of professional misconduct threatening 

6 

 
the public interest (see Matter of Schwartz, 214 AD3d 153 [1st Dept 2023] [interim 

suspension based on bank records showing invasion of escrow funds]; Matter of 

Carlebach, 156 AD3d 44 [1st Dept 2017]; Matter of Kiss, 152 AD3d 129 [1st Dept 2017]). 

Because the A.C. transactions independently establish uncontroverted evidence of 

misappropriation/conversion, the Court need not reach the AGC’s alternative argument 

under 22 NYCRR 1240.9(a)(2) based on alleged admissions under oath. Interim 

suspension is fully supported under subdivision (a)(5), and addressing (a)(2) would not 

alter the result. 

The AGC has demonstrated, through bank records and sworn statements, that 

respondent converted client escrow funds belonging to A.C. and later replenished them 

using X.Z.’s deposits. This constitutes uncontroverted evidence of professional 

misconduct posing an immediate threat to the public interest. 

Accordingly, the motion should be granted to the extent of suspending 

respondent pursuant to 22 NYCRR 1240.9(a)(5), effective immediately and until further 

order of the Court. 

All concur.  

Wherefore, it is Ordered that the motion by the Attorney Grievance Committee 

for the First Judicial Department for interim suspension, pursuant to 22 NYCRR 

1240.9(a)(5), is granted, and respondent, Christopher Scott Cardillo, is suspended from 

the practice of law, effective immediately, and until further order of the Court; and 

It is further Ordered that, pursuant to Judiciary Law § 90, during the period of 

suspension, respondent, Christopher Scott Cardillo, is commanded to desist and refrain 

from (1) the practice of law in any form, either as principal or agent, clerk or employee 

of another, (2) appearing as an attorney or counselor-at-law before any court, Judge, 

7 

 
Justice, board, commission or other public authority, (3) giving to another an opinion as 

to the law or its application or any advice in relation thereto, and (4) holding himself out 

in any way as an attorney and counselor-at-law; and 

It is further Ordered that, during the period of suspension, respondent, 

Christopher Scott Cardillo, shall comply with the rules governing the conduct of 

disbarred or suspended attorneys (see 22 NYCRR 1240.15), which are made part hereof; 

and 

It is further Ordered that if respondent, Christopher Scott Cardillo, has been 

issued a secure pass by the Office of Court Administration, it shall be returned 

forthwith; and  

It is further Ordered that, within 20 days of the date of service of this order, 

respondent Christopher Scott Cardillo, may submit a request, in writing, to this Court 

for a post-suspension hearing (see 22 NYCRR 1240.9[c]). 

Entered:  March 05, 2026 

8 

 
 
 
 
 
 
 
"
2025-04794,,2026-03-03,"Appellate Division, First Department",reversed,"Webber, J.; Shulman, J.; Higgitt, J.; Rosado, J.; Hagler, J.",Gilmartin; City of New York,2026 ny slip op 00458,114 ad3d 558; 81 ad3d 411,"Supreme Court of the State of New York 
Appellate Division, First Judicial Department 

Webber, J.P., Shulman, Higgitt, Rosado, Hagler, JJ. 

5982 

NEREIDA COLON, 

Plaintiff-Appellant, 

-against- 

THE CITY OF NEW YORK, et al., 

Defendants, 

RITA MARSICANO, 

Defendant-Respondent. 

Index No. 34531/20  
Case No. 2025-04794  

Law Office of Melissa R. Perez, P.L.L.C., White Plains (Melissa R. Perez of counsel), for 
appellant. 

Ahmuty, Demers & McManus, Albertson (Kevin Murtagh of counsel), for respondent. 

Order, Supreme Court, Bronx County (Mitchell J. Danziger, J.), entered April 22, 

2025, which granted defendant Rita Marsicano’s motion for summary judgment 

dismissing the complaint as against her, unanimously reversed, on the law, without 

costs, the motion denied, and the complaint reinstated. 

In this slip and fall action, defendant-respondent (defendant) established that 

she owned a “one-, two- or three-family residential real property that is (i) in whole or in 

part, owner occupied, and (ii) used exclusively for residential purposes” and was thus 

exempt from statutory liability pursuant to Administrative Code of the City of New York 

§ 7-210(b). 

However, defendant was also required to establish freedom from common-law 

liability by demonstrating that she did not create or exacerbate the alleged icy condition 

 
 
 
 
 
 
 
 
 
 
 
 
 
(see Gilmartin v City of New York, 81 AD3d 411, 412 [1st Dept 2011]). Supreme Court 

should not have granted defendant’s motion for summary judgment because defendant 

failed to establish prima facie that the condition was not created or exacerbated by her 

special use of the sidewalk as a driveway (see Prete v JJ Hoyt LLC, — AD3d —, 2026 NY 

Slip Op 00458 [1st Dept 2026]). Defendant’s testimony that she did not recall if anyone 

used her driveway during the year of the accident fails to refute plaintiff’s argument that 

the existence of the driveway created or exacerbated the condition (cf. Trent-Clark v 

City of New York, 114 AD3d 558, 559 [1st Dept 2014]).   

THIS CONSTITUTES THE DECISION AND ORDER 
OF THE SUPREME COURT, APPELLATE DIVISION, FIRST DEPARTMENT. 

ENTERED: March 3, 2026 

2 

 
 
 
 
 
 
 
 
 
 
 
 
 
 
 
 
 
 
 
 
 
"
2023-03802,,2026-03-05,"Appellate Division, First Department",affirmed,"Moulton, J.; Pitt-burke, J.; Michael, J.; Chan, J.",,,,"Supreme Court of the State of New York 
Appellate Division, First Judicial Department 

Moulton, J.P., Pitt-Burke, O’Neill Levy, Michael, Chan, JJ. 

6001 

THE PEOPLE OF THE STATE OF NEW YORK,   

Respondent,   

-against- 

JAMAR NEWTON, 

Defendant-Appellant. 

Ind. No. 2003/21 
Case No. 2023-03802 

Twyla Carter, The Legal Aid Society, New York (Elizabeth Batkin of counsel), for 
appellant. 

Alvin L. Bragg, Jr., District Attorney, New York (Alex King of counsel), for respondent. 

An appeal having been taken to this Court by the above-named appellant from a 

judgment of the Supreme Court, New York County (Brendan T. Lantry, J.), rendered 
June 12, 2023, 

Said appeal having been argued by counsel for the respective parties, due 

deliberation having been had thereon, and finding the sentence not excessive, 

It is unanimously ordered that the judgment so appealed from be and the same is 

hereby affirmed. 

THIS CONSTITUTES THE DECISION AND ORDER 
OF THE SUPREME COURT, APPELLATE DIVISION, FIRST DEPARTMENT. 

ENTERED: March 5, 2026 

Counsel for appellant is referred to 
§ 606.5, Rules of the Appellate Division,  
First Department. 

 
 
 
 
 
 
 
 
 
 
 
 
 
 
 
 
 
 
 
 
 
 
 
 
 
 
 
 
 
 
 
 
 
 
 
 
 
  
 
 
"
2025-07978,,2026-03-05,"Appellate Division, First Department",granted,,,,14 ad3d 41; 192 ad3d 170; 165 ad3d 85; 78 ad3d 152; 163 ad3d 52; 203 ad3d 75; 160 ad3d 89; 160 ad3d 171; 194 ad3d 108,"Supreme Court of the State of New York 
Appellate Division, First Judicial Department 
CORRECTED ORDER March 9, 2026 

Present – Hon.   Sallie Manzanet-Daniels, 

Justice Presiding, 

Barbara R. Kapnick 
Lizbeth González 
John R. Higgitt 
Kelly O'Neill Levy, 

Justices. 

                     ___________________ 

Motion No. 
Case No. 

2025-06792 
2025-07978 

___________________ 

In the Matter of 
EVIE P. JEANG, 
an attorney and counselor-at-law: 

ATTORNEY GRIEVANCE COMMITTEE FOR THE 
FIRST JUDICIAL DEPARTMENT, 

Petitioner, 

EVIE P. JEANG 
(OCA Atty. Reg. No. 4257267), 

Respondent. 

Disciplinary proceedings instituted by the Attorney Grievance Committee for the 
First Judicial Department. Respondent, Evie P. Jeang, was admitted to the Bar of 
the State of New York at a Term of the Appellate Division of the Supreme Court 
for the First Judicial Department on September 9, 2004. 

Jorge Dopico, Chief Attorney,  
Attorney Grievance Committee, New York 
(Roy E. Chon, of counsel), for petitioner. 

Respondent, pro se. 

 
 
 
 
 
 
 
 
 
 
 
 
 
 
 
 
 
 
 
 
 
Motion No. 2025-06792 

In the Matter of Evie P. Jeang, an attorney 

PER CURIAM 

Respondent Evie P. Jeang was admitted to the practice of law in the State of New 

York by the First Judicial Department on September 9, 2004. Respondent maintains a 

registered address in California.  

By order entered October 7, 2024, the Supreme Court of California disbarred 

respondent for a pattern of misconduct that included willful misappropriation of escrow 

funds, falsifying bank records, and submitting falsified evidence and making false 

statements to the court. 

By motion dated December 4, 2025, the Attorney Grievance Committee (AGC) 

seeks an order, pursuant to Judiciary Law § 90(2), the Rules for Attorney Disciplinary 

Matters (22 NYCRR) § 1240.13, and the doctrine of reciprocal discipline, finding that 

respondent has been disciplined by a foreign jurisdiction, directing her to demonstrate 

why discipline should not be imposed in New York for the misconduct underlying her 

discipline in California, disbarring respondent, or, alternatively, sanctioning respondent 

as the Court deems just and proper under the circumstances. 

On May 29, 2024, respondent, represented by counsel, entered into a stipulation 

with Counsel for the State Bar of California in which she pleaded nolo contendre to 13 

counts of professional misconduct, including knowing and intentional misappropriation 

of over $4 million in escrow funds. Respondent acknowledged that her “plea[] [of] nolo 

contendre to the charges set forth in th[e] stipulation … [was] considered the same as an 

admission of culpability….” 

Respondent represented the husband in a divorce action. On August 6, 2015, the 

2 

 
 
  
 
 
court entered an order, pursuant to the parties’ stipulation, directing that the proceeds 

from the sale of the parties’ residential property be held in respondent’s escrow account 

and that ”such funds shall not be released without the written agreement of the parties 

together with their attorneys (if any), and/or further order of the court"" with certain 

exceptions, namely: $100,000 to each of the parties as a “pre-distribution of property”; 

$35,000 to each of the parties’ attorneys; and approximately $200,000 to pay the 

parties’ tax debts. Between September and November 2015, $4,831,125.73 in net sale 

proceeds were wired into respondent’s escrow account. 

Between September 28, 2015 and May 8, 2017, respondent made several 

withdrawals and issued payments from her escrow account unrelated to the divorce 

proceeding and in violation of the California court’s August 6, 2015 order. At that time, 

neither party had received any distribution payments from the escrow funds, the parties’ 

tax debts had not been paid, and no funds had been disbursed to pay the wife’s 

attorneys’ fees.  

In October 2017, respondent finally issued a check in the amount of $250,079.35 

from her escrow account to pay the parties’ tax debts as permitted by the August 6, 2015 

court order. 

In October 2021, the wife retained new counsel who brought a legal proceeding 

for a court order directing respondent to provide an accounting of the escrow funds and 

to transfer them to the wife’s counsel’s escrow account. In response, respondent sent the 

wife’s counsel a falsified bank statement which falsely represented that the balance in 

her escrow account, as of September 30, 2021, was $4,557,046.38. Respondent also 

filed a declaration with the court in opposition to the wife’s counsel’s application to 

which she attached a copy of the falsified bank statement. On February 8, 2022, the 

3 

 
court held a hearing on the matter at which respondent appeared on behalf of herself 

and her client, the husband. Immediately after the hearing, the court issued an order 

directing respondent to transfer the escrow funds to the wife’s counsel and to provide an 

accounting to him. Late in the afternoon after the hearing had concluded, respondent 

filed a preemptory challenge to disqualify the judge in which she falsely stated that she 

had orally made such challenge at the hearing but had not been heard or was 

disregarded by the court. The court denied respondent’s preemptory challenge as 

untimely. Respondent unsuccessfully appealed in which she repeated her false 

statement that she had verbally raised a preemptory challenge at the hearing before the 

lower court. 

Also, in a February 22, 2022 letter to the wife’s counsel, respondent made 

additional false statements as to the amount she held in her escrow account, and as to 

payments she had allegedly made out of the escrow funds. 

Respondent did not provide the accounting, nor did she transfer the escrow funds 

to the wife’s counsel, as directed by the February 8, 2022 order. In March 2022, 

pursuant to a court order, respondent’s bank wired the $1,999,750.16 balance of her 

escrow account into the wife’s counsel’s escrow account, at which point the wife’s 

counsel realized that respondent had failed to keep the escrow funds intact and reported 

her to the California State Bar. 

In November 2022, the wife brought a civil action against respondent and her law 

firm based on respondent’s misappropriation and/or conversion of the escrow funds. 

Following a November 16, 2023 bench trial, the court found that respondent had 

committed fraud and malfeasance in connection with her handling of the parties’ escrow 

funds and ordered that she pay $4,429,077.80, with daily interest of $693.51 accruing as 

4 

 
of that date. On December 26, 2023, the order was reduced to a final judgment and 

served on respondent who unsuccessfully appealed. 

Respondent admitted that her conduct as described above constituted 

professional misconduct in willful violation of California Rules of Professional Conduct, 

former rule 4-100(A) and current rule 1.15(a), and that she knowingly and intentionally 

misappropriated the escrow funds in violation of CA BPC §§ 6106 and 6103. 

In addition, respondent submitted a falsified bank statement, and made false 

statements in connection therewith to the court and the wife’s counsel, in violation of 

CA BPC §§ 6068(d) and 6106, and she failed to pay her client’s capital gains tax 

obligation from the escrow funds, failed to provide the wife’s counsel with an accurate 

accounting of the escrow funds, and failed to transfer the escrow funds to the wife’s 

counsel as directed by court order, in violation of CA BPC § 6103 and CA RPC 1.15(d)(4). 

Respondent also made false statements to the wife’s counsel in her February 22, 

2022 letter regarding the balance of the escrow funds and payments she purportedly 

made therefrom in violation of CA BPC § 6106; she falsely stated in a written declaration 

submitted to the court that she had previously made a verbal preemptory challenge 

before the court, and repeated that false statement on appeal, in violation of CA BPC §§ 

6068(d) and 6106; and failed to report to the CA State Bar in writing the wife’s 

December 26, 2023 judgment against her in violation of CA BPC § 6068(o)(2). 

The parties stipulated to the following aggravation: multiple acts of wrongdoing, 

significant harm to the client and the administration of justice, and failure to make 

restitution. They also stipulated to the following mitigation: absence of prior discipline 

(given minimal weight due to, inter alia, the significant sum misappropriated, multiple 

acts of dishonesty, and violation of court orders), community service, and by entering 

5 

 
into the stipulation and pleading nolo contendre respondent was entitled to limited 

mitigation for her cooperation and saving the State Bar significant time and resources. 

Respondent agreed to pay $2,496,296.22 in restitution, plus interest. The parties agreed 

that disbarment was the appropriate sanction for respondent’s misconduct. 

On June 18, 2024, a judge approved the stipulation and recommended that the 

Supreme Court of California affirm it in full, including the recommendation of 

disbarment. By order entered October 7, 2024, the Supreme Court of California 

disbarred respondent and directed her to make restitution as set forth in the stipulation. 

The AGC states that respondent failed to notify it of her disbarment in California 

as required by 22 NYCRR 1240.13(d) and there is no indication that she notified the 

Court. The AGC learned of respondent’s disbarment from a September 8, 2025 

complaint which alleged that respondent had not made financial restitution as directed 

by the Supreme Court of California’s disbarment order. 

In a proceeding seeking reciprocal discipline, as here, pursuant to 22 NYCRR 

1240.13, respondent may raise the following defenses: (1) lack of notice or opportunity 

to be heard in the foreign jurisdiction constituting a depravation of due process, (2) an 

infirmity of proof establishing the misconduct, or (3) that the misconduct for which the 

attorney was disciplined in the foreign jurisdiction does not constitute misconduct in 

this state (see Matter of Milara, 194 AD3d 108, 110 [1st Dept 2021]). 

On December 14, 2025, an AGC process server personally served respondent with 

the motion at her residence in California but she has not submitted a response.  

Notwithstanding that respondent has not appeared and asserted any of the 

defenses to reciprocal discipline, none are available to her because she received notice of 

the charges against her and, represented by counsel, chose to plead nolo contendre, and 

6 

 
the charges are fully supported by the detailed factual recitations in the stipulation. 

Further, respondent’s misconduct in California would violate New York Rules of 

Professional Conduct (22 NYCRR 1200.0) rules 1.15(a), 1.15(b)(1), 1.15(c)(3), 1.15(c)(4), 

3.3(a)(1), 3.3(a)(3), 3.4(a)(3), 3.4(a)(4), 3.4(a)(5), 3.4(c), 4.1, 8.4(c), 8.4(d), and 8.4(h). 

Therefore, this Court will impose reciprocal discipline (22 NYCRR 1240.13[c]). 

As to the appropriate sanction, this Court’s general rule is that “significant weight 

should be given to the sanction imposed by the jurisdiction where the misconduct 

occurred because the foreign jurisdiction has the greatest interest in fashioning 

sanctions for misconduct” (Matter of Blumenthal, 165 AD3d 85, 86 [1st Dept 2018]; see 

Matter of Jaffe, 78 AD3d 152, 158 [1st Dept 2010]), and only in rare instances will we 

depart from our general rule (Matter of McHallam, 160 AD3d 89, 92 [1st Dept 2018]; 

Matter of Lowell, 14 AD3d 41, 48 [1st Dept 2004], appeal dismissed 4 NY3d 846 

[2005], lv denied 5 NY3d 708 [2005]). 

In this case, disbarment, as requested by the AGC, is the appropriate sanction, as 

respondent was found guilty of, inter alia, intentional conversion of client and third 

party funds for which we have consistently imposed the sanction of disbarment absent 

extremely unusual mitigating circumstances, of which there is no evidence in the case at 

bar (see e.g. Matter of Carlos, 192 AD3d 170, 172 [1st Dept 2021]; see also Matter of 

Karambelas, 203 AD3d 75 [1st Dept 2022]; Matter of Blumenthal, 165 AD3d at 86-87; 

Matter of Desir, 163 AD3d 52 [1st Dept 2018]; Matter of Frants, 160 AD3d 171 [1st Dept 

2018]). 

Accordingly, the motion should be granted, respondent disbarred, and her name 

stricken from the roll of attorneys and counselors at law in the State of New York, 

7 

 
effective immediately. 

All concur.  

Wherefore, it is Ordered that the motion by the Attorney Grievance Committee 

for the First Judicial Department for reciprocal discipline, pursuant to Judiciary Law § 

90(2) and 22 NYCRR 1240.13, is granted, and respondent, Evie P. Jeang, is disbarred 

and her name stricken from the roll of attorneys and counselors-at-law in the State of 

New York, effective immediately, and until further order of this Court; and 

It is further Ordered that, pursuant to Judiciary Law § 90, respondent, Evie P. 

Jeang, is commanded to desist and refrain from (1) the practice of law in any form, 

either as principal or agent, clerk or employee of another, (2) appearing as an attorney 

or counselor-at-law before any court, Judge, Justice, board, commission or other public 

authority, (3) giving to another an opinion as to the law or its application or any advice 

in relation thereto, and (4) holding herself out in any way as an attorney and counselor-

at-law; and 

It is further Ordered that, respondent, Evie P. Jeang, shall comply with the rules 

governing the conduct of disbarred or suspended attorneys (see 22 NYCRR 1240.15), 

which are made part hereof; and 

It is further Ordered that if respondent, Evie P. Jeang, has been issued a secure 

pass by the Office of Court Administration, it shall be returned forthwith. 

Entered:  March 05, 2026 

8 

 
 
 
 
 
 
"
2025-05042,,2026-03-05,"Appellate Division, First Department",granted,,,,271 ad2d 127; 171 ad3d 163; 165 ad3d 85; 78 ad3d 152; 203 ad3d 75; 160 ad3d 89; 44 ad3d 49; 194 ad3d 108,"Supreme Court of the State of New York 
Appellate Division, First Judicial Department 

Present – Hon.   Dianne T. Renwick, 

Presiding Justice, 

David Friedman 
Bahaati E. Pitt-Burke 
Llinét M. Rosado 
Marsha D. Michael, 

Justices. 

                     ___________________ 

Motion No.  2025-04519 
2025-05042 
Case No. 

___________________ 

In the Matter of 
BRIAN LAMAR PONDER, 
an attorney and counselor-at-law: 

ATTORNEY GRIEVANCE COMMITTEE FOR THE 
FIRST JUDICIAL DEPARTMENT, 

Petitioner, 

BRIAN LAMAR PONDER 
(OCA Atty. Reg. No. 5102751), 

Respondent. 

Disciplinary proceedings instituted by the Attorney Grievance Committee for the 
First Judicial Department. Respondent, Brian Lamar Ponder, was admitted to the 
Bar of the State of New York at a Term of the Appellate Division of the Supreme 
Court for the Third Judicial Department on January 24, 2013. 

Jorge Dopico, Chief Attorney,  
Attorney Grievance Committee, New York 
(Sean A. Brandveen, of counsel), for petitioner. 

Hal R. Lieberman, Esq., for respondent. 

 
 
 
 
 
 
 
 
 
 
 
 
 
 
 
 
 
 
 
 
 
Motion No. 2025-04519 

In the Matter of Brian Lamar Ponder, an attorney 

PER CURIAM 

Respondent Brian L. Ponder was admitted to the practice of law in the State of 

New York by the Third Judicial Department on January 24, 2013, under the name Brian 

Lamar Ponder. Respondent maintains a registered address in the First Judicial 

Department. 

In June 2018, the Chief Judge for the U.S. District Court for the Western District 

of Oklahoma (WDOK) referred two complaints against respondent to the court’s 

Committee on Discipline (COD). Consequently, the COD conducted a disciplinary 

investigation against respondent and issued a report to the Chief Judge on November 

30, 2018. The report found that respondent committed professional misconduct in 

connection with eight separate matters before the WDOK for which he should be 

referred for a disciplinary hearing.   

In the first matter, respondent’s failure to appear at a discovery hearing resulted 

in an award of $6,420.95 in attorney fees and expenses to the defendant, which 

respondent was required to pay. The court also warned respondent that his conduct 

“raises serious concerns about his ability to continue practicing in this federal judicial 

district” and that if he continues to fail to cooperate in discovery, the court may refer 

respondent to the Chief Judge of the Court for disciplinary proceedings.  

In the second matter, respondent similarly failed to appear for a status and 

scheduling conference. The court noted that this was not the first time that respondent 

failed to appear for a status conference and that such conduct must be rectified by 

respondent to properly fulfill his duties as an attorney before the court. The court 

2 

 
 
  
 
 
warned respondent that further non-appearance at status conferences would result in 

sanctions against him.  

In the third matter, respondent failed to comply with the court’s order permitting 

him to file a motion for attorney’s fees by April 15, 2017, for work performed up to 

March 9, 2017.  He waited nearly seven months to file the motion and sought fees for 

work incurred after March 9, 2017. As a result, the motion was denied.   

In the fourth matter, the court sanctioned respondent in the amount of $4,427.96 

for failing to appear at a status and scheduling conference. After he failed to pay the 

sanctions or appear at the contempt hearing for his nonpayment, he was found in 

contempt.   

In the fifth matter, respondent filed a motion to dismiss one of the defendants on 

behalf of the plaintiff. The court granted the motion but directed the plaintiff to pay the 

defendant’s attorney’s fees as a sanction for pursuing groundless claims against that 

defendant. The other defendants moved for summary judgment which the court granted, 

opining that the undisputed facts “show[ed] plaintiff’s claims to be spurious and suggest 

an attempt to use the FDCPA as some sort of shake-down scheme, rather than a means 

of rectifying a legitimate injury or of resolving a legitimate dispute.” 

Similarly, in the sixth matter, the court required the plaintiff, who was 

represented by respondent, to pay the defendant’s attorney’s fees after the court found 

that the action was brought in bad faith and for the purpose of harassment.  

And again, in the seventh matter, the plaintiff, while represented by respondent, 

was required to pay the defendant’s attorney’s fees for failing to respond to the 

defendant’s two motions to compel discovery and to sufficiently respond to the 

defendant’s interrogatories. The matter was ultimately dismissed with prejudice after 

3 

 
the plaintiff failed to respond to the defendant’s motion to dismiss and related motion to 

deem confessed its motion to dismiss. 

Lastly, in the eighth matter, respondent was sanctioned for failing to intervene 

during the deposition of his client, the nonparty in the action. At the deposition, 

respondent’s client used profanity and directed vulgar insults at the defendant’s 

attorney while respondent sat idlily and pretended not to hear the offensive remarks. 

The court found that sanctions against respondent and his client were warranted as the 

language was “vile and vulgar,” and for the purpose of disrupting the deposition. 

Additionally, the court found that respondent’s inaction impeded and frustrated the fair 

examination of the nonparty, and that “[a]ny reasonable attorney representing [this 

client] would have intervened in an effort to curb his outrageous behavior.”  The court 

ordered respondent and his client to pay the defendant’s reasonable attorney’s fees.   

Based on these allegations, a disciplinary hearing was conducted on January 28, 

2019 before a three-judge panel. At the hearing, respondent was afforded an 

opportunity to address the allegations and to supplement the record with evidence or 

testimony.  The panel rejected respondent’s arguments as groundless and unavailing, and 

found, in its January 31, 2019 order and decision, that respondent engaged in a pattern 

of misconduct warranting disbarment.   

Specifically, the panel found that the uncontroverted factual record reflected that 

respondent repeatedly pursued frivolous claims resulting in attorney’s fees and 

sanctions; inexcusably missed filing deadlines and hearings; refused to engage in good 

faith discovery; and participated in deceitful conduct before the court. The panel further 

noted that respondent remained silent and refused to intervene during his client’s 

outrageous behavior and profane-laden deposition. The panel recommended 

4 

 
disbarment upon finding that respondent engaged in multiple violations of the 

Oklahoma Rules of Professional Conduct (ORPC), which prohibit a lawyer from (i) 

pursuing frivolous claims (Rule 3.1); (ii) knowingly making or failing to correct false 

statements of material fact or law (Rule 3.3[a][1]); (iii) failing to make reasonably 

diligent efforts to comply with discovery (Rule 3.4[d]); and (iv) engaging in dishonesty, 

fraud, deceit, misrepresentation or conduct prejudicial to the administration of justice 

(Rule 8.4[c], [d]).  

On February 5, 2019, the Chief Judge of the WDOK adopted the panel’s findings 

and recommendation and disbarred respondent. Respondent failed to notify this 

Department or the Attorney Grievance Committee (AGC) of his disbarment as required 

by 22 NYCRR 1240.13(d).   

As for the instant motion before us, dated August 12, 2025, the AGC seeks an 

order, pursuant to Judiciary Law § 90(2), 22 NYCRR 1240.13, and the doctrine of 

reciprocal discipline, finding that respondent has been disciplined by a foreign 

jurisdiction, directing him to demonstrate why discipline should not be imposed in New 

York for the misconduct underlying his discipline by the WDOK, and disbarring 

respondent, or issuing such discipline as the Court deems just and proper. Respondent 

does not contest the imposition of reciprocal discipline but requests that it be limited to 

a public censure, or, in the alternative, no more than a three-month suspension.  

In a reciprocal discipline proceeding, the respondent may raise the following 

defenses, pursuant to 22 NYCRR 1240.13(b): (1) lack of notice or opportunity to be 

heard in the foreign jurisdiction constituting a depravation of due process; (2) an 

infirmity of proof establishing the misconduct; or (3) that the misconduct for which the 

attorney was disciplined in the foreign jurisdiction does not constitute misconduct in 

5 

 
this state (see Matter of Milara, 194 AD3d 108, 110 [1st Dept 2021]). 

None of the enumerated defenses are available here. Respondent received notice 

of the allegations at issue; appeared and unsuccessfully defended himself at the hearing 

before the three-judge panel; and the misconduct findings against him are detailed and 

amply supported by the COD’s report. Moreover, respondent’s misconduct before the 

WDOK would constitute misconduct in violation of rules 3.1 (frivolous conduct); 

3.3(a)(1) (false statements of material fact or law); 3.3(a), (c) (suppressing or concealing 

evidence or disregarding a tribunal’s rule or ruling); and 8.4(c)-(d) (dishonesty, fraud, 

deceit, misrepresentation, or conduct prejudicial to the administration of justice) of the 

New York Rules of Professional Conduct (22 NYCRR 1200.0).   

With respect to the sanction, as a general rule this Court defers to the sanction 

imposed by the jurisdiction in which the charges were originally brought because the 

foreign jurisdiction has the greatest interest in fashioning sanctions for misconduct (see 

Matter of Milara, 194 AD3d at 111; Matter of Tabacco, 171 AD3d 163 [1st Dept 2019]; 

Matter of Blumenthal, 165 AD3d 85 [1st Dept 2018]).  Only rarely does this Court depart 

from the general rule (see Matter of Karambelas, 203 AD3d 75 [1st Dept 2022]; Matter 

of McHallam, 160 AD3d 89 [1st Dept 2018]). 

We find that disbarment is the appropriate sanction in this matter as it is 

commensurate with the discipline imposed by the WDOK and in accord with this Court’s 

precedent involving comparable conduct (see Matter of Jaffe, 78 AD3d 152 [1st Dept 

2010]; Matter of Hatton, 44 AD3d 49 [1st Dept 2007]; Matter of Brooks, 271 AD2d 127 

[1st Dept 2000], appeal dismissed and lv dismissed 95 NY2d 955 [2000]).  

Accordingly, the AGC’s motion should be granted, and respondent disbarred, and 

his name stricken from the roll of attorneys and counselors-at-law in the State of New 

6 

 
York effective immediately.  

All concur.  

Wherefore, it is Ordered that the motion by the Attorney Grievance Committee 

for the First Judicial Department for reciprocal discipline, pursuant to 22 NYCRR 

1240.13, is granted, and respondent, Brian Lamar Ponder, is disbarred and his name 

stricken from the roll of attorneys and counselors-at-law in the State of New York, 

effective immediately, and until further order of this Court; and 

It is further Ordered that, pursuant to Judiciary Law § 90, respondent, Brian 

Lamar Ponder, is commanded to desist and refrain from (1) the practice of law in any 

form, either as principal or agent, clerk or employee of another, (2) appearing as an 

attorney or counselor-at-law before any court, Judge, Justice, board, commission or 

other public authority, (3) giving to another an opinion as to the law or its application or 

any advice in relation thereto, and (4) holding himself out in any way as an attorney and 

counselor-at-law; and 

It is further Ordered that, respondent, Brian Lamar Ponder, shall comply with 

the rules governing the conduct of disbarred or suspended attorneys (see 22 NYCRR 

1240.15), which are made part hereof; and 

It is further Ordered that if respondent, Brian Lamar Ponder, has been issued a 

secure pass by the Office of Court Administration, it shall be returned forthwith. 

Entered:  March 05, 2026 

7 

 
 
 
 
 
 
"
2023-01538,,2026-03-03,"Appellate Division, First Department",affirmed,"Webber, J.; Shulman, J.; Higgitt, J.; Rosado, J.; Hagler, J.",People; Gillotti,,108 ad3d 413,"Supreme Court of the State of New York 
Appellate Division, First Judicial Department 

Webber, J.P., Shulman, Higgitt, Rosado, Hagler, JJ. 

5990 

THE PEOPLE OF THE STATE OF NEW YORK, 

Respondent, 

-against- 

CLAYTON JOHNSON, 

Defendant-Appellant. 

Ind. No. 71019/21  
Case No. 2023-01538  

Jenay Nurse Guilford, Center for Appellate Litigation, New York (Alec D. Miran of 
counsel), for appellant. 

Alvin L. Bragg, Jr., District Attorney, New York (Amanda Katherine Regan of counsel), 
for respondent. 

Order, Supreme Court, New York County (Gregory Carro, J.), entered on or about 

July 26, 2023, which adjudicated defendant a level three predicate sex offender 

pursuant to the Sex Offender Registration Act (Correction Law art 6-C), unanimously 

affirmed, without costs. 

The court providently exercised its discretion in declining to grant a downward 

departure to a level two predicate sex offender (see generally People v Gillotti, 23 NY3d 

841, 861 [2014]) and we perceive no basis to substitute our discretion for that of the 

court. The mitigating factors presented by defendant are outweighed by his extensive 

criminal history, including a prior rape conviction, a prior forcible touching conviction, 

and numerous indecent exposure and assault convictions, all of which demonstrate his  

 
 
 
 
 
 
 
 
 
 
 
 
 
 
“high risk of recidivism” (People v Doctor, 108 AD3d 413 [1st Dept 2013], lv denied 21 

NY3d 866 [2013]). 

THIS CONSTITUTES THE DECISION AND ORDER 
OF THE SUPREME COURT, APPELLATE DIVISION, FIRST DEPARTMENT. 

ENTERED: March 3, 2026 

2 

 
 
 
 
 
 
 
 
 
 
 
 
 
 
 
 
 
 
 
 
"
2025-04360,,2026-03-03,"Appellate Division, First Department",affirmed,"Webber, J.; Shulman, J.; Higgitt, J.; Rosado, J.; Hagler, J.",Global Bus. Inst; Rivkin Radler LLP,,101 ad3d 651; 217 ad3d 427; 21 ad3d 731; 111 ad3d 453; 115 ad3d 512,"Supreme Court of the State of New York 
Appellate Division, First Judicial Department 

Webber, J.P., Shulman, Higgitt, Rosado, Hagler, JJ. 

5988- 
5989 

THE NORTH FLATS LLC, 

Plaintiff-Appellant, 

-against- 

BELKIN BURDEN GOLDMAN, LLP, 
Defendant-Respondent. 

Index No. 150420/22  
Case Nos. 2025-04360 
  2025-04362  

Law Office of Daniel L. Abrams, PLLC, New York (Daniel L. Abrams of counsel), for 
appellant. 

Belkin, Burden, Goldman, LLP, New York (Lewis A. Lindenberg of counsel), for 
respondent. 

Judgment, Supreme Court, New York County (Richard G. Latin, J.), entered July 

9, 2025, in defendant’s favor in the amount of $108,658.62, including statutory interest 

and costs and disbursements, unanimously affirmed, without costs. Appeal from 

amended order, same court and Justice, entered on or about June 5, 2025, which, to the 

extent appealed, granted defendant’s motion for summary judgment dismissing the 

complaint and on its counterclaims for account stated and quantum meruit, 

unanimously dismissed, without costs, as subsumed in the appeal from the judgment. 

The court properly dismissed plaintiff’s claim for legal malpractice because 

defendant established prima facie entitlement to summary judgment by submitting the  

affirmation of an expert who opined that plaintiff did not have a claim for legal 

malpractice because its decision to rely on the sworn certification of plaintiff’s architect 

was reasonable under the circumstances, that withdrawal of the Certification of Article 

 
 
 
 
 
 
 
 
 
 
7-B Compliance was not feasible, and that an application to extend the deadline for 

compliance would have been futile (see Global Bus. Inst. v Rivkin Radler LLP, 101 AD3d 

651, 651 [1st Dept 2012]; see also North Flats LLC v Belkin Burden Goldman, LLP, 217 

AD3d 427, 427-428 [1st Dept 2023]). Plaintiff failed to raise an issue of fact because its 

expert’s affidavit identified “no more than an error of judgment,” which “does not rise to 

the level of malpractice” (Rosner v Paley, 65 NY2d 736, 738 [1985]). Further, plaintiff 

chose to waive the rent arrears from several tenants. This demonstrates “an intervening 

cause . . . responsible” for plaintiff’s alleged injury (see Brooks v Lewin, 21 AD3d 731, 

734 [1st Dept 2005], lv denied 6 NY3d 713 [2006]). To the extent that plaintiff claims 

damages “in the form of fees . . . incur[red] by substitute counsel, [plaintiff] would have 

incurred such fees whether [it] was represented by defendant[] or other counsel” (Cohen 

v Kachroo, 115 AD3d 512, 513 [1st Dept 2014]). 

Summary judgment on defendant’s counterclaims was properly granted, as 

defendant demonstrated that plaintiff “received, retained without objection, and 

partially paid invoices without protest” (Emery Celli Brinkerhoff & Abady, LLP v Rose, 

111 AD3d 453, 453-454 [1st Dept 2013], lv denied 23 NY3d 904 [2014]; see also AmBase 

Corp. v Davis Polk & Wardwell, 8 NY3d 428, 437 [2007]). 

We have considered plaintiff’s remaining contentions and find them unavailing. 

THIS CONSTITUTES THE DECISION AND ORDER 
OF THE SUPREME COURT, APPELLATE DIVISION, FIRST DEPARTMENT. 

ENTERED: March 3, 2026 

2 

 
 
 
 
 
 
 
 
 
 
 
 
 
 
 
 
 
 
 
 
"
2025-01026,,2026-03-03,"Appellate Division, First Department",affirmed,"Webber, J.; Shulman, J.; Higgitt, J.; Rosado, J.; Hagler, J.",Matter of Eric C; New York,,204 ad3d 552; 72 ad3d 1535,"Supreme Court of the State of New York 
Appellate Division, First Judicial Department 

Webber, J.P., Shulman, Higgitt, Rosado, Hagler, JJ. 

5984 

In the Matter of L.S., 

Dkt. No. D-1215/23   
Case No. 2025-01026   

A Person Alleged to be a Juvenile 
Delinquent, 
                   Appellant. 
            _________ 

PRESENTMENT AGENCY 

Dawne A. Mitchell, The Legal Aid Society, New York (Hannah Kaplan of counsel), for 
appellant. 

Muriel Goode-Trufant, Corporation Counsel, New York (Chloé K. Moon of counsel), for 
Presentment Agency. 

Order, Family Court, New York County (Jonathan H. Shim, J.), entered on or 

about January 21, 2025, which denied appellant’s motion to vacate her prior 

adjudication as a juvenile delinquent and to seal and expunge the records of that 

adjudication, unanimously affirmed, without costs.  

Family Court providently exercised its discretion in denying the motion, 

determining that appellant failed to establish a substantial change of circumstances 

sufficient to warrant vacatur of her juvenile delinquency adjudication under Family 

Court Act § 355.1(1)(b). In support of her motion, appellant’s only submission was a 

one-paragraph letter stating that she and her family had completed family therapy. This 

submission alone, however, did not constitute a sufficient basis to vacate the 

adjudication on the basis of a substantial change of circumstances (see Matter of 

 
 
 
 
 
 
 
 
 
 
Dazaeth S.-M., 204 AD3d 552, 553 [1st Dept 2022]). In any event, even had appellant 

submitted further documentation supporting her motion, there would have been a 

sufficient basis to deny the motion because, as the court aptly observed, appellant’s 

attack on the victim was “particularly violent” and justice would not be served by 

vacating the adjudication. 

Family Court also providently declined to expunge appellant’s records held by the 

police agency, probation services, and the presentment agency. Although Family Court 

has the “inherent power to order the expungement of court records” (Family Ct Act 

§ 375.3), that power applies to its own records; it “does not extend to the records of 

executive agencies not normally subject to its direction, particularly those of the police” 

(Matter of Dorothy D., 49 NY2d 212, 215 [1980]; see also Matter of Eric C. v New York 

State Police, 72 AD3d 1535, 1535 [4th Dept 2010]). 

THIS CONSTITUTES THE DECISION AND ORDER 
OF THE SUPREME COURT, APPELLATE DIVISION, FIRST DEPARTMENT. 

ENTERED: March 3, 2026 

2 

 
 
 
 
 
 
 
 
 
 
 
 
 
 
 
 
 
 
 
 
 
"
2023-00459,,2026-03-03,"Appellate Division, First Department",affirmed,"Webber, J.; Shulman, J.; Higgitt, J.; Rosado, J.; Hagler, J.",,,,"Supreme Court of the State of New York 
Appellate Division, First Judicial Department 

Webber, J.P., Shulman, Higgitt, Rosado, Hagler, JJ. 

5992 

THE PEOPLE OF THE STATE OF NEW YORK,   

Ind. No. 770/19 
            Case Nos. 2023-00459 

          Respondent, 

-against- 

SHAWN MARQUIS, 

Defendant-Appellant. 

Jenay Nurse Guilford, Center for Appellate Litigation, New York (Shaina Watrous of 
counsel), for appellant. 

Darcel D. Clark, District Attorney, Bronx (Cynthia A. Carlson of counsel), for 
respondent. 

An appeal having been taken to this Court by the above-named appellant from a 

judgment of the Supreme Court, Bronx County (Margaret L. Clancy, J.), rendered 
February 10, 2022, 

Said appeal having been argued by counsel for the respective parties, due 

deliberation having been had thereon, and finding the sentence not excessive, 

It is unanimously ordered that the judgment so appealed from be and the same is 

hereby affirmed. 

THIS CONSTITUTES THE DECISION AND ORDER 
OF THE SUPREME COURT, APPELLATE DIVISION, FIRST DEPARTMENT. 

ENTERED: March 3, 2026 

Counsel for appellant is referred to 
§ 606.5, Rules of the Appellate Division,  
First Department. 

 
 
 
 
 
 
 
 
 
 
 
 
 
 
 
 
 
 
 
 
 
 
 
 
 
 
 
 
 
 
 
 
 
 
 
 
 
 
 
"
2024-07632,,2026-03-03,"Appellate Division, First Department",affirmed,"Scarpulla, J.; Kapnick, J.; Shulman, J.",Legal Title Trust II; West Fork,2024 ny slip op 33327; 2026 ny slip op 00066,128 ad3d 766; 239 ad3d 667; 230 ad3d 1083; 217 ad3d 410,"Supreme Court of the State of New York 
Appellate Division, First Judicial Department 

Scarpulla, J.P., Kapnick, González, Shulman, O’Neill Levy, JJ. 

Index No. 35912/15  
Case No. 2024-07632 

5701 

FEDERAL NATIONAL MORTGAGE ASSOCIATION, 

Plaintiff-Respondent, 

-against- 

LUIS D. MONEGRO et al., 

Defendants. 
________ 

WEST FORK FUNDING LLC, 

Nonparty-Appellant. 

Rosenberg Fortuna & Laitman, LLP, Garden City (Christopher Villanti of counsel), for 
appellant. 

Friedman Vartolo LLP, Garden City (Stephen J. Vargas of counsel), for respondent. 

Appeal from order, Supreme Court, Bronx County (Naita A. Semaj, J.), entered 

on or about November 21, 2024, which denied West Fork’s motion to vacate the 

judgment of foreclosure and sale, unanimously dismissed, without costs. 

This appeal arises from a long and complicated foreclosure dispute related to a 

separate appeal from a re-foreclosure action involving the same property. In this appeal, 

nonparty West Fork Funding LLC (West Fork) challenges the 2017 foreclosure and sale 

of a mortgage on the property. The property was deeded to PROF-2013-S3 Legal Title 

Trust II (PROF) following a March 27, 2017 foreclosure auction. The related appeal 

involves PROF’s lawsuit pursuant to RPAPL 1503 to re-foreclose against its ownership 

interest. The First Department affirmed the motion court’s order granting PROF 

 
 
 
 
 
 
 
 
 
 
 
summary judgment for foreclosure (PROF-2013-S3 Legal Title Trust II v West Fork 

Funding LLC,      AD3d      , 2026 NY Slip Op 00066 [1st Dept 2026]). Pursuant to the 

motion court’s order, West Fork was ordered to redeem the mortgaged property within 

30 days from when PROF served it with a copy of the order with notice of its entry. West 

Fork’s failure to do so within the specified timeframe means that “any lien(s), 

encumbrance(s) or interest(s) held by [West Fork] upon the lands secured by the subject 

mortgage, and existing at the time of the commencement of said foreclosure action, is 

extinguished and removed, and [PROF] deemed to hold the property free and clear from 

any and all such lien(s), encumbrance(s) or interest(s)” (PROF-2013-SE Legal Title 

Trust II v West Fork Funding L.L.C., 2024 NY Slip Op 33327 [U], *10 [Sup Ct, Bronx 

County, Sept. 10, 2024]). Thereafter, West Fork unsuccessfully sought a stay of 

enforcement of the redemption deadline and then elected not to pay any sum to redeem 

the Property. 

This appeal is dismissed as moot because West Fork’s right of redemption for the 

mortgaged property expired pursuant to the motion court’s order in the re-foreclosure 

action, which was affirmed by this Court (CPLR 5523; see Solo Group LLC, Series 9 v 

Dunia, 230 AD3d 1083, 1084 [1st Dept 2024]; Kazantzis v Cascade Funding RM1 

Acquisitions Grantor Trust, 217 AD3d 410, 411 [1st Dept 2023]; Palm Ave. Hialeah 

Trust v 2166 Dean, LLC, 239 AD3d 667, 668 [2d Dept 2025]; 425 E. 26th St. Owners 

Corp. v Beaton, 128 AD3d 766, 767 [2d Dept 2015]). 

West Fork argues that the appeal is not academic because the re-foreclosure 

action did not direct or authorize the sale of the property to a third-party purchaser. 

However, even if the orders in that later action did not direct the sale of the property to a 

2 

 
third-party purchaser, PROF was a third-party purchaser following the foreclosure sale 

in this action. 

Accordingly, we need not address West Fork’s remaining arguments, which in 

any event, are unavailing.  

THIS CONSTITUTES THE DECISION AND ORDER 
OF THE SUPREME COURT, APPELLATE DIVISION, FIRST DEPARTMENT. 

ENTERED: March 3, 2026 

3 

 
 
 
 
 
 
 
 
 
 
 
 
 
 
 
 
 
 
 
 
 
 
 
"
2024-00426,,2026-03-03,"Appellate Division, First Department",affirmed,"Webber, J.; Shulman, J.; Higgitt, J.; Rosado, J.; Hagler, J.",People; Mingo,,205 ad3d 485; 224 ad3d 430; 235 ad3d 101,"Supreme Court of the State of New York 
Appellate Division, First Judicial Department 
CORRECTED ORDER MARCH 3, 2026 

Webber, J.P., Shulman, Higgitt, Rosado, Hagler, JJ. 

5981 

THE PEOPLE OF THE STATE OF NEW YORK, 

Respondent, 

-against- 

ROLANDO TAVERES, 

Defendant-Appellant. 

Ind. No. 4241/15  
Case No. 2024-00426  

Jenay Nurse Guilford, Center for Appellate Litigation, New York (Rina DeFrancesco of 
counsel), for appellant. 

Alvin L. Bragg, Jr., District Attorney, New York (Ethan Solomon of counsel), for 
respondent. 

Order, Supreme Court, New York County (Angela Badamo, J.), entered on or 

about December 1, 2023, which adjudicated defendant a level two sexually violent 

offender pursuant to the Sex Offender Registration Act (Correction Law art 6-C), 

unanimously affirmed, without costs. 

The court properly assessed defendant 25 points under risk factor 2. The SORA 

Board’s case summary, along with the six-year-old victim’s testimony before the grand 

jury, established by clear and convincing evidence that defendant engaged in sexual 

intercourse with the victim (see People v Mingo, 12 NY3d 563, 571-574 [2009]; see also 

People v Brown, 235 AD3d 101, 115 [1st Dept 2024], lv denied 43 NY3d 929 [2025]). 

The court providently exercised its discretion in declining to grant a downward 

departure (see generally People v Gilloti, 23 NY3d 841, 861 [2014]), and we perceive no 

basis to substitute our discretion for that of the court. The mitigating factors cited by 

 
 
 
 
 
 
 
 
 
defendant were adequately taken into account by the risk assessment instrument or 

were outweighed by the seriousness of the underlying crime, which was committed 

against a young child (see People v Bevel, 224 AD3d 430, 431 [1st Dept 2024], lv denied 

42 NY3d 902 [2024]; People v Hernandez, 205 AD3d 485, 485 [1st Dept 2022]).   

THIS CONSTITUTES THE DECISION AND ORDER 
OF THE SUPREME COURT, APPELLATE DIVISION, FIRST DEPARTMENT. 

ENTERED: March 3, 2026 

2 

 
 
 
 
 
 
 
 
 
 
 
 
 
 
 
 
 
 
 
 
"
2024-07233,,2026-03-05,"Appellate Division, First Department",affirmed,"Moulton, J.; Pitt-burke, J.; Michael, J.; Chan, J.","Vintage, LLC; Laws",,56 ad2d 752; 16 ad3d 279,"Supreme Court of the State of New York 
Appellate Division, First Judicial Department 

Moulton, J.P., Pitt-Burke, O'Neill Levy, Michael, Chan, JJ. 

6013 

ACADEMIC HEALTH PROFESSIONALS INSURANCE 
ASSOCIATION – A RECIPROCAL INSURER, 

Index No. 650875/24  
Case No.   2024-07233  

Plaintiff-Appellant, 

-against- 

BRIJ M. SINGH AHUWALIA et al., 

Defendants-Respondents. 

Dentons US LLP, New York (Nicholas W. Petts of counsel), for appellant. 

Garfunkel Wild, P.C., Garden City (Michael J. Keane, Jr. of counsel), for Brij M. Singh 
Ahluwalia, M.D., Robert Fekete, M.D., Shyla Kodi, M.D., Jin Li, M.D., Venkat Ramani, 
M.D., Anila Thomas, M.D., Angela Damiano, M.D., Lianne M. De Serres, M.D., Steven 
Hemmerdinger, M.D., Tali Lando, M.D., David Merer, M.D., Augustine Moscatello, 
M.D., Katrina Stidham, M.D., Denton Allman, M.D., Muhammad Choudhury, M.D., 
Abdol Majid Eshghi, M.D., Sean Fullerton, M.D., Gerald Matthews, M.D., and John 
Phillips, M.D., respondents. 

Weiss Zarett Brofman Sonnenklar & Levy P.C., New Hyde Park (Michael J. 
Spithogiannis of counsel), for Raj Murali, M.D., Thomas D. Cerabona, M.D., Jonathan 
P. Giannone, M.D., Ashutosh Kaul, M.D., and Anthony Maffei, M.D., respondents. 

Order, Supreme Court, New York County (Melissa A. Crane, J.), entered 

November 4, 2024, which granted defendants’ motions to dismiss the complaint against 

them, unanimously affirmed, with costs.  

Plaintiff contends that defendants were not covered by a prior settlement 

between plaintiff and the institutions that defendants worked for. However, the court 

properly concluded that the settlement covered these defendants, as the agreement’s 

unambiguous terms released “each of” the “affiliated physicians,” and the record, 

including the allegations in the complaint, establish that these defendants qualify as 

 
 
 
 
 
 
 
 
 
 
 
 
“affiliated physicians” of the institutions previously released (see Vintage, LLC v Laws 

Constr. Corp., 13 NY3d 847, 849 [2009]). Since the terms of the release are clear and 

unambiguous, there was no need for the court to refer to the agreement’s recitals (see 

Jones Apparel Group, Inc. v Polo Ralph Lauren Corp., 16 AD3d 279, 279 [1st Dept 

2005]; Musman v Modern Deb, 56 AD2d 752, 753 [1st Dept 1977]).   

We have considered plaintiff’s remaining arguments and find them unavailing. 

THIS CONSTITUTES THE DECISION AND ORDER 
OF THE SUPREME COURT, APPELLATE DIVISION, FIRST DEPARTMENT. 

ENTERED: March 5, 2026 

2 

 
 
 
 
 
 
 
 
 
 
 
 
 
 
 
 
 
  
 
"
2023-05571,,2026-03-05,"Appellate Division, First Department",affirmed,"Moulton, J.; Pitt-burke, J.; Michael, J.; Chan, J.; Dominguez, J.",Matter of Titza; Kelly,,96 ad3d 625; 191 ad3d 475; 138 ad3d 498,"Supreme Court of the State of New York 
Appellate Division, First Judicial Department 

Moulton, J.P., Pitt-Burke, O'Neill Levy, Michael, Chan, JJ. 

6000 

In the Matter of ELLIS DELOREN, 

Petitioner-Appellant, 

Index No. 158282/22  
Case No.   2023-05571  

-against- 

KEECHANT SEWELL, etc., et al., 

Respondents-Respondents. 

Schwab & Gasparini, PLLC, White Plains (Victor Aqeel of counsel), for appellant. 

Muriel Goode-Trufant, Corporation Counsel, New York (Hanna L. St. Marie of counsel), 
for respondents. 

Judgment (denominated an order), Supreme Court, New York County (Denise M. 

Dominguez, J.), entered October 5, 2023, which denied the petition to annul a 

determination of respondent Board of Trustees of the Police Pension Fund, dated May 

27, 2022, denying petitioner’s application for accidental disability retirement benefits, 

and dismissed the proceeding brought pursuant to CPLR article 78, unanimously 

affirmed, without costs. 

Supreme Court properly denied the petition, as credible evidence supports the 

Police Pension Fund Board’s determination. The statutory presumption that petitioner’s 

stroke was incurred in the line of duty was overcome by credible evidence that his 

basilar artery stenosis was most likely congenital and that he did not suffer from heart 

disease or hypertension (see Matter of Titza v Kelly, 138 AD3d 498, 498 [1st Dept 

2016], lv denied 34 NY3d 908 [2020]; Matter of Goodacre v Kelly, 96 AD3d 625, 626 

[1st Dept 2012], lv denied 20 NY3d 860 [2013]). Because there is some credible 

 
 
 
 
 
 
 
 
 
 
 
evidence in the record to support the Medical Board’s determination, the Police Pension 

Fund Board’s denial of ADR benefits should not be disturbed (see Matter of Medina v 

Shea, 191 AD3d 475, 476 [1st Dept 2021], lv denied 37 NY3d 903 [2021]). 

THIS CONSTITUTES THE DECISION AND ORDER 
OF THE SUPREME COURT, APPELLATE DIVISION, FIRST DEPARTMENT. 

ENTERED: March 5, 2026 

2 

 
 
 
 
 
 
 
 
 
 
 
 
 
 
 
 
 
  
 
 
"
2025-00698,,2026-03-05,"Appellate Division, First Department",affirmed,"Moulton, J.; Pitt-burke, J.; Michael, J.; Chan, J.",Philips; Paco,,200 ad3d 460; 106 ad3d 631; 213 ad3d 547,"Supreme Court of the State of New York 
Appellate Division, First Judicial Department 

Moulton, J.P., Pitt-Burke, O'Neill Levy, Michael, Chan, JJ. 

6006 

NORINE MUELLER, et al., 

Plaintiffs- Appellants, 

Index No. 153625/21    
Case No.   2025-00698  

-against- 

2001 MARCUS AVENUE LLC, et al., 
Defendants- Respondents. 

Burdo, Rubin & Sachs, Melville (Scott D. Rubin of counsel), for appellants. 

Fabiani Cohen & Hall, LLP, New York (Nicholas Vervante of counsel), for respondents. 

Order, Supreme Court, New York County (Schlomo S. Hagler, J.), entered 

January 17, 2025, which granted defendants’ motion for summary judgment dismissing 

the complaint, unanimously affirmed, without costs.   

In this personal injury action in which the injured plaintiff tripped and fell over a 

curb bordering a handicap access ramp, the court correctly granted defendants’ motion 

for summary judgment dismissing the complaint. The curb at issue, which was painted a 

bright yellow to distinguish it from the adjacent grey concrete ramp and black parking 

lot blacktop, was open and obvious and not inherently dangerous (see Philips v Paco 

Lafayette LLC, 106 AD3d 631, 632 [1st Dept 2013]; see also Kovel v Glenwood Mgt. 

Corp., 200 AD3d 460, 461 [1st Dept 2021], lv denied 38 NY3d 906 [2022]). The curb, 

which plaintiff chose to step onto rather than following the marked pedestrian walkway, 

was raised to prevent wheelchair patrons from accidentally rolling into the parking lot.  

It was approved by the town, complied with all relevant codes, and had been in place for 

 
 
 
 
 
 
 
 
 
 
 
approximately 10 years without incident (compare Bossert v New York Univ. Langone 

Med. Ctr.—Tisch Hosp., 213 AD3d 547, 548 [1st Dept 2023]). 

We have considered plaintiffs’ remaining arguments and find them unavailing.  

THIS CONSTITUTES THE DECISION AND ORDER 
OF THE SUPREME COURT, APPELLATE DIVISION, FIRST DEPARTMENT. 

ENTERED: March 5, 2026 

2 

 
 
 
 
 
 
 
 
 
 
 
 
 
 
 
 
 
 
  
 
"
2024-02030,,2026-03-03,"Appellate Division, First Department",affirmed,"Webber, J.; Shulman, J.; Higgitt, J.; Rosado, J.; Hagler, J.",Matter of Newcomb; Middle Country Cent. Sch. Dist,,238 ad3d 484; 235 ad3d 510; 241 ad3d 1117,"Supreme Court of the State of New York 
Appellate Division, First Judicial Department 

Webber, J.P., Shulman, Higgitt, Rosado, Hagler, JJ. 

5987 

In The Matter of JUDY COOK, 
Petitioner-Appellant, 

Index No. 800882/24 
Case No. 2024-02030  

-against- 

NEW YORK CITY HOUSING AUTHORITY, 

Respondent-Respondent. 

Bergman Bergman Fields & Lamonsoff, LLP, Hicksville (Clifford D. Gabel of counsel), 
for appellant. 

Wilson Elser Moskowitz Edelman & Dicker LLP, New York (Patrick J. Lawless of 
counsel), for respondent. 

Order, Supreme Court, Bronx County (Naita A. Semaj, J.), entered February 22, 

2024, which denied petitioner’s motion for leave to serve a late notice of claim, 

unanimously affirmed, without costs. 

Supreme Court providently exercised its discretion in denying petitioner’s motion 

for leave to serve a late notice of claim (see General Municipal Law § 50-e [1], [5]; 

Matter of Newcomb v Middle Country Cent. Sch. Dist., 28 NY3d 455, 460-461 [2016]). 

Petitioner did not meet her burden to show a reasonable excuse for her delay in filing a 

notice of claim against respondent New York City Housing Authority (NYCHA). 

Petitioner’s argument that she was focused on her physical recovery is not a reasonable 

excuse given her testimony that she was living alone without assistance and scheduling 

doctors’ appointments by telephone (see Rivera v New York City Dept. of Transp., 235 

AD3d 510, 511 [1st Dept 2025]). Moreover, because the medical records end August 18, 

 
 
 
 
 
 
 
 
 
 
 
2023, petitioner fails to establish any physical incapacity or impairment covering the 

two months preceding the October 16, 2023 deadline to file a notice of claim or the four 

months between the date of the last medical record and her service of the late notice of 

claim on NYCHA in late December 2023 (id.). 

Petitioner also failed to meet her burden to show that NYCHA acquired actual 

knowledge of the essential facts constituting her claim within 90 days of the accident or 

a reasonable time thereafter (see Cassidy v New York City Tr. Auth., 238 AD3d 484, 

485 [1st Dept 2025]). That petitioner served an untimely notice of claim on NYCHA 

after the 90-day statutory time period expired did not establish that NYCHA had actual 

knowledge of the claims because “[t]his late service, without leave of court, was a 

nullity” (id.). 

In view of the foregoing, the issue of whether NYCHA has been substantially 

prejudiced by the delay need not be reached (see Matter of Braddy v New York City 

Hous. Auth., 241 AD3d 1117, 1118 [1st Dept 2025]). 

THIS CONSTITUTES THE DECISION AND ORDER 
OF THE SUPREME COURT, APPELLATE DIVISION, FIRST DEPARTMENT. 

ENTERED: March 3, 2026 

2 

 
 
 
 
 
 
 
 
 
 
 
 
 
 
 
 
 
 
 
 
 
 
 
 
"
2022-03833,,2026-03-05,"Appellate Division, First Department",affirmed,"Moulton, J.; Pitt-burke, J.; Michael, J.; Chan, J.",,,,"Supreme Court of the State of New York 
Appellate Division, First Judicial Department 

Moulton, J.P., Pitt-Burke, O’Neill Levy, Michael, Chan, JJ. 

6010 

THE PEOPLE OF THE STATE OF NEW YORK,   

Respondent,   

-against- 

CARLOS REYES, 

Defendant-Appellant. 

Ind. No. 1351/19 
Case No. 2022-03833 

Jenay Nurse Guilford, Center for Appellate Litigation, New York (Rina DeFrancesco of 
counsel), for appellant. 

Darcel D. Clark, District Attorney, Bronx (Lindsey Richards of counsel), for respondent. 

An appeal having been taken to this Court by the above-named appellant from a 

judgment of the Supreme Court, Bronx County (Laurence E. Busching, J.), rendered 
May 03, 2022, 

Said appeal having been argued by counsel for the respective parties, due 

deliberation having been had thereon, and finding the sentence not excessive, 

It is unanimously ordered that the judgment so appealed from be and the same is 

hereby affirmed. 

THIS CONSTITUTES THE DECISION AND ORDER 
OF THE SUPREME COURT, APPELLATE DIVISION, FIRST DEPARTMENT. 

ENTERED: March 5, 2026 

Counsel for appellant is referred to 
§ 606.5, Rules of the Appellate Division,  
First Department. 

 
 
 
 
 
 
 
 
 
 
 
 
 
 
 
 
 
 
 
 
 
 
 
 
 
 
 
 
 
 
 
 
 
 
 
 
 
 
  
 
"
